name	author	family	synonyms	nameFR
Acacia auriculaeformis 	A.Cunn. ex Benth.	Mimosaceae		Acacia
Acacia biflorus 	R.Br.	Mimosaceae	Racosperma biflorum (R.Br.) Pedley	
Acacia nilotica 	Delile	Mimosaceae		
Acalypha hispida 	Burm.f.	Euphorbiaceae		Acalyphe, Ricinelle, Queue de chat
Acalypha wilkesiana 	Müll. Arg.	Euphorbiaceae	Acalypha amentacea subsp. wilkesiana (Müll.Arg.) Fosberg	Acalyphe, Ricinelle, Queue de chat
Acalypha wilkesiana 	Müll. Arg. var.'java white'	Euphorbiaceae		
Acalypha wilkesiana 	Müll. Arg. var. hoffmanii	Euphorbiaceae		
Acalypha wilkesiana	 Müll. Arg. var. macrophylla	Euphorbiaceae		
Acalypha wilkesiana	 Müll. Arg. var. moorea	Euphorbiaceae		
Acalypha wilkesiana 	Müll. Arg. var. tricolor	Euphorbiaceae	Acalypha tricolor Seem.	
Acanthocereus pentagonus 	Britton & Rose 	Cactaceae	Cactus pentagonus L.; Cereus pentagonus Haw.	
Acanthus mollis	 L.	Acanthaceae	Acanthus ugandensis C.B.Clarke; A. arboreus C.B.Clarke; A. arboreus Forssk. var. pubescens ;  A. polystachyus Delile var. pseudopubescens Cufod.Thomson ex Oliv.; 	Acanthe, Acanthe molle, Branche-ursine
Acanthus pubescens 	(Thomson ex Oliv.) Engl.	Acanthaceae	A. polystachyus Delilevar. polystachyus ; A. arboreus C.B.Clarke - non Forssk.  	
Acrosticum aureum	(Thomson ex Oliv.) Engl.			
Adenium obesum 	(Forssk.) Roem. & Schult.	Apocynaceae	Nerium obesumForssk.;A. coetaneum Stapf. A. honghel A. DC.; A. arabicum Balf.f.	Rose du désert; lis des impalas, faux baobab, désert rose
Aechmea caudata 	Lindman variegata	Bromeliaceae	Ortgiesia caudata (Lindm.) L.B.Sm. & W.J.Kress	Aechmée, Aechméa victorienne
Aechmea chantinii 	Bak.	Bromeliaceae	Billbergia chantini Carrière	
Aechmea fasciata 	Bak.	Bromeliaceae		
Agave americana 	L. marginata	Agavaveae		Agave
Agave angustifolia 	Haw. var.marginata	Agavaveae		
Agave atrovirens 	L.	Agavaveae		
Agave attenuata  	L.	Agavaveae		
Agave filifera 	Salm-Dyck.	Agavaveae		
Agave victoriae-reginae	 Moore.	Agavaveae		
Aglaonema commutatum 	Schott.	Araceae		Aglaonéma
Aglaonema costatum 	N.E.Br. f. foxii R.N.Jervis	Araceae		
Aglaonema marantifolium 	Blume	Araceae		
Aglaonema modestum 	Schott  ex Engl.	Araceae		
Allamanda cathartica 	L. var. hendersonii Hort.	Apocynaceae	A. oubletii Pohl.; A. linnei Pohl.; A. williamsii Hort.; A. hendersonii W.Bull ex Dombrain	Allamanda purgative, Orélie de Guyane
Allamanda neriifolia 	Hook.	Apocynaceae		liane à lait, trompette d'or ou Orelia
Allamanda violacea 	Gardn.	Apocynaceae	Allamanda blanchetii A.DC.	
Alocasia korthalsii 	Schott	Araceae		Allamanda 
Alocasia lowii 	Hook. f.grandis	Araceae		
Alocasia macrorhiza 	Schott	Araceae		Oreille d'âne
Alocasia plumbea 	Van Houtte	Araceae	Alocasia indica Schott metallica	Oreilles d'éléphant géantes
Alocasia sanderiana	 Bull.	Araceae		Oreille d'éléphant
Aloe aristata 	Haw	Liliaceae	A. longiaristata Schult. &Schult.f.;A. aristata var. leiophylla Baker; A. aristata var. parviflora Baker ; A. ellenbergii Guillaumin	Oreille d'éléphant
Aloe brevifolia 	Mill.	Aloaceae/Xanthorrhoeaceae		Aloès
Aloe eru 	Berger 	Aloaceae	Aloe camperi Schweinf.	
Aloe eru 	Berger maculata	Aloaceae		
Aloe saponaria 	Mill.	Aloaceae		
Aloe vera 	(L.) Burm.f.	Aloaceae	Aloe vulgaris Lam. 	
Aloe vera	 L. chinensis	Aloaceae		
Alpinia purpurata 	(Vieill.) K.Schum.	Zingiberaceae	Guillainia purpurata Vieill.	
Alpinia sanderae 	Hort. Sand.	Zingiberaceae		Gingembre rouge, Galanga, Alpinie
Alpinia zerumbet 	(Pers.) B.L.Burtt & R.M. Sm. variegata	Zingiberaceae	Costus zerumbet Pers.; A. vittata W. Bull	
Alternanthera bettzickiana 	(Regel) G. Nicholson	Amaranthaceae	Telanthera bettzickiana Regel	Gingembre coquille
Alternanthera bettzickiana 	(Regel) G. Nicholson var. aurea	Amaranthaceae		Alternanthera
Alternanthera dentata 	(Moench) Scheygr.var.'Ruby'	Amaranthaceae	Gomphrena dentata Moench	
Alternanthera versicolor	Noronha	Amaranthaceae	Celosiacristata L.	
Amaranthus hybridus 	L. subsp. cruentus (L.) Thell.	Amaranthaceae	A. cruentus L.; A. hybridus subsp. cruentus (L.) Thell.;A. chlorostachys auct. - non Willd.-- misapplied name (inv); A. cruentus var. paniculatus (L.) Thell.;A. paniculatus L.; A. caudatus var. pseudopaniculatus Suess.; A. caudatus forma oblongopetalus Suess.; A. hypochondriacus var. subdubius Suess.; A. hybridus var. incurvatus auct. - sensu Brenan  	Amarante queue de renard, Blé des Incas
Amaranthus paniculatus 	L.	Amaranthaceae	A. hybridus subsp. cruentus (L.) Thell.  A. hybridusvar. paniculatus (L.) Thell.	
Amaranthus tricolor	L.	Amaranthaceae	A. tricolor subsp. tristis (L.) Aellen ; A. tristis L.;  A. inamoenus Willd.  	
Ananas comosus	 (L.) Merr. 'Porteanus'	Bromeliaceae		Crête de coq
Andryala pinnatifida	 Aiton	Asteraceae	Andryala canariensis Lowe  	Ananas
Anthurium andraeanum 	Lind. 	Araceae		
Anthurium andraeanum 	Lind. var. rhodochlorum	Araceae		Andryale
Anthurium andraeanum 	Lind. var. rubrum	Araceae		Anthurium
Anthurium clarinervium 	Schott.	Araceae		
Anthurium hookeri 	Kunth.	Araceae		
Anthurium scherzerianum 	Schott.	Araceae		
Antigonon leptopus	 Hook. & Arn.	Portulacaceae		
Aphelandra squarrosa	 Nees.	Acanthaceae		
Aptenia cordifolia 	Schwant.	Aïzoaceae	Mesembryanthemum cordifolium L.f.	Liane corail, Belle mexicaine, Chaïne d'amour
Arachnis flos-aeris	 (L.) Rchb. f.	Orchidaceae		Aphélandre, Plante zèbre
Aralia elata 	Seem.	Araliaceae	Aralia spinosa L.; Dimorphanthus elatus Miq.;	Aptenia
Aralia elata	 Seem. variegata	Araliaceae		Orchidée
Aralia fruticosa 	Sessé & Moc.	Araliaceae		
Araucaria cunninghamii 	Ait.	Araucariaceae		Aralie ailé, Angélique du Japon
Araucaria excelsa 	R. Br.	Araucariaceae		Angélique de Chine
Areca triandra 	Roxb.	Arecaceae		Araucaria, Pin à collier
Aristolochia brasiliensis	 Mart. & Zucc.	Aristolochiaceae		Pin ou Sapin de Norfolk
Aristolochia elegans 	Mast.	Aristolochiaceae		
Aristolochia fimbriata 	Cham.	Aristolochiaceae		
Aristolochia littoralis 	D. Parodi	Aristolochiaceae		
Arthropodium cirrhatum 	R.Br.	Liliaceae		
Artocarpus nobilis 	J.R. & G. Forst.	Moraceae	Artocarpus communis J. R. & G. Forst.; Artocarpus incisus L. f. ; Radermachia incisa Thunb.; Sitodium altile Parkinson	
Asclepias curassavica 	L.	Asclepiadaceae	Asclepias margaritacea Hoffmanns.  A. nivea L. var. curassavica (L.) Kuntze	
Asparagus densiflorus 	(Kunth) Jessop sprengeri	Liliaceae	Asparagopsis densiflora Kunth	Arbre à pin, Châtaignier-pays
Asparagus plumosus 	Bak.	Liliaceae	Protasparagus plumosus (Bak.) Oberm.	Asclépiade de Curaçao
Asparagus scandens 	Bak. deflexus	Liliaceae		Asparagus
Asparagus sprengeri 	Bak. 	Liliaceae		Asparagus des fleuristes
Asplenium nidus 	L.	Aspleniaceae	Asplenium scalapendrium Lour. ; AspleniumficifaliumGoldm. ; Thamnapteris nidus (L.) C. Presl.;A. ellipticum (Fee) Cop.	Fougère
Asplenium viviparum 	(L.fil.) C.Presl	Aspleniaceae		
Averrhoa carambola 	L.	Oxalidaceae		
Azadirachta indica 	A. Juss.	Meliaceae	Melia azadirachta L.	Fougère nid d'oiseau
Bambusa multiplex	 (Lour.) Raeusch. ex Schult. & Schult.f.	Poaceae	Arundo multiplex Lour.	
Bambusa nana 	Roxb.	Poaceae		Margousier, Neem
Bambusa vulgaris 	Schrader ex Wendl.	Poaceae		Bambou
Barleria lupulina 	Lindl.	Acanthaceae		
Begonia aconitifolia 	Lam.	Begoniaceae		
Begonia cathayana 	Hemsl.	Begoniaceae		
Begonia cleopatra 	Lem.	Begoniaceae		
Begonia decora 	Stapf. rhizomatous	Begoniaceae		Begonia
Begonia deliciosa 	Linden ex Fotsch	Begoniaceae		
Begonia exotica 	Lem.	Begoniaceae		
Begonia heracleifolia 	Cham. & Schltdl.	Begoniaceae		
Begonia lucerna 	Blume.	Begoniaceae		
Begonia masoniana 	Irmsch.	Begoniaceae		
Begonia semperflorens 	Hook.	Begoniaceae		
Beloperone guttata 	Brandegee	Acanthaceae		
Billbergia zebrina 	Lindl.	Bromeliaceae		
Bismarckia nobilis 	Hildebr. & H.Wendl.	Arecaceae		Plante aux crevettes; Queue d'écrevisse
Borassus aethiopum 	Mart.	Arecaceae		
Bougainvillea glabra 	Choisy	Nyctagynaceae	Bougainvillea spectabilis Willd.  var. glabra (Choisy) Hook.	Palmier de Bismarck
Bougainvillea harisii 	Hort.	Nyctagynaceae		Rônier, Borasse éthiopien
Bougainvillea spectabilis 	Willd.	Nyctagynaceae	Bougainvillea spectabilis Willd. var. typica Heimerl	Bougainvillier
Bougainvillea spectabilis 	Willd. var. ‘Mary Palmer	Nyctagynaceae		
Bougainvillea spectabilis 	Willd. var. rubra plena	Nyctagynaceae		
Bougainvillea spectabilis 	Willd. var. variegata	Nyctagynaceae		
Bougainvillea spectabilis 	Willd. var.alba plena	Nyctagynaceae		
Bougainvillea x buttiana 	Holtt. var. Mrs. McLean	Nyctagynaceae		
Brahea armata	 Wats.	Arecaceae	Brahea clara (L.H.Bailey) Espejo & López-Ferr.; Brahea roezlii Lind; Erythea armata S. Watson ; Erythea elegans Franceschi ex Becc.	
Brahea dulcis 	L.	Arecaceae		
Breynia nivosa 	Small.	Euphorbiaceae	Phyllanthus nivosus W.G.Sm.	
Caesalpinia pulcherrima 	Sw.	Caesalpiniaceae	Poinciana pulcherrima L.  	
Caladium bicolor 	Vent.	Araceae		
Caladium hortulanum 	Birdsey 'Citation'	Araceae		Orgeuil de Chine; Petit flamboyant
Caladium hortulanum 	Birdsey 'Debutante'	Araceae		caladium
Caladium hortulanum 	Birdsey 'Gen. W.B. Halderman'	Araceae		Cœur de Jésus
Caladium hortulanum 	Birdsey 'John Peed'	Araceae		
Caladium hortulanum 	Birdsey 'Maid of Orleans'	Araceae		
Calathea insignis	A.Brongn. ex Petersen	Marantaceae		
Calathea makoyana 	E.Morr. & Boom	Marantaceae		Calathea
Calathea micans .	K. Schum	Marantaceae		
Calathea ornata 	Koern.	Marantaceae	Maranta roseo-lineata Petersen.	
Calathea ornata 	Koern. roseo-lineata Petersen	Marantaceae		
Calathea ornata 	Koern. roseo-picta	Marantaceae	Calathea sanderiana (Sander) Gentil	
Calathea ornata 	Koern. sanderiana	Marantaceae		
Calathea setosa 	Körn.	Marantaceae		
Calathea stromata 	Hort	Marantaceae	Maranta zebrina Sims  	
Calathea zebrina 	(Sims.) Lindl.	Marantaceae		
Callitris intratropica 	R.T. Baker & H.G. Sim.	Cuppressaceae		Cyprès bleu
Calotropis procera 	(Aiton) W.T.Aiton 	Asclepiadaceae		Arbre à soie du Sénégal, pomme de Sodome
Cananga odorata 	(Lam.) Hook. f. & Thoms.	Annonaceae	Uvaria odorata Lam.  	Ylang-ylang
Canna generalis 	L.H.Bailey ‘Brilliant’	Cannaceae		canna
Canna generalis 	L.H.Bailey ‘Cleopatra’	Cannaceae		
Canna generalis 	L.H.Bailey ‘Confetti’	Cannaceae		
Canna generalis 	L.H.Bailey ‘Lucifer’	Cannaceae		
Canna generalis	 L.H.Bailey ‘President’	Cannaceae		
Canna generalis 	L.H.Bailey ‘Richard Wallace’	Cannaceae		
Canna generalis 	L.H.Bailey striatus	Cannaceae		
Canna indica 	L.	Cannaceae	Canna compacta Hort. ex Bouche; Canna edulis Ker Gawl.	Conflore, balisier, canne d'Inde
Caralluma praegracilis	Oberm.	Asclepiadaceae	C. caudata N.E.Br.; C.caudata N.E.Br. var. fusca C.A.Lückh.;C.longecornuta Croizat ex Gomes e Sousa;  Orbeopsis caudata (N.E.Br.) L.C.Leachsubsp. caudata; Orbea caudata (N.E.Br.) Bruyns subsp. caudata	
Carex elegantissima 	Willd.	Dracaenaceae		
Carica papaya 	L.	Caricaceae		papaye
Caryota mitis 	Lour.	Arecaceae		palmier céleri multipliant, palmier queue de poisson, dartrier
Cassia alata 	L.	Caesalpiniaceae	Senna alata (L.) Roxb.; Herpetica alata (L.) Raf.	
Cassia siamea 	Lam.	Caesalpiniaceae	Senna siamea (Lam.) Irwin & Barneby; Cassia florida Vahl.	Casse du Siam, bois perdrix
Casuarina equisetifolia 	L.	Casuarinaceae	C. equisetifolia J.R.Forst. & G.Forst. ; C. litorea L. ex Fosberg & Sachet  	Filao à feuilles de prêle, Pin australien.
Catharanthus roseus 	(L.) G. Don	Apocynaceae	Ammocallis rosea (L.) Small; Lochnera rosea (L.) Rchb. ex K.Schum. ; Lochnerarosea (L.) Spach; Vinca guilelmi-waldemarii Klotzsch; Vinca rosea L.; Vinca speciosa Salisb.	Pervenche de Madagascar
Celosia argentea 	L.	Amaranthaceae		Célosie argentée, Célosie plumeuse
Celosia argentea 	L. var. pyramidalis	Amaranthaceae	Celosia argentea var. cristata (L.) Schinz	Crête de coq
Celosia cristata 	L.	Amaranthaceae		
Centratherum punctatum 	Cass.	Asteraceae		
Cereus aethiops 	(L.) Mill.	Cactaceae	Piptanthocereus aethiops (Haw.) F.Ritter	
Cereus hexagonus 	(L.) Mill.	Cactaceae		
Cereus hildmannianus 	L.	Cactaceae		
Cereus peruvianus 	(L.) Mill.	Cactaceae	Cereus hildmannianus; Cereus alacriportanus; Piptanthocereus alacriportanus; Cereus xanthocarpus; Piptanthocereus xanthocarpus; Cereus milesimus; Piptanthocereus bageanus; Piptanthocereus neonesioticus; Cereus neonsioticus; Piptanthocereus uruguayensis; Cereus uruguayanus	
Cereus tortuosus 	Forbes	Cactaceae		
Cestrum diurnum 	L.	Solanaceae		
Cestrum nocturnum 	L.	Solanaceae		
Chamaedorea elegans 	Mart.	Arecaceae		
Chamaerops humilis 	L.	Arecaceae		
Chlorophytum bichetii 	Hort. ex Backer	Liliaceae		
Chlorophytum comosum   	(Thunb.) Jacques	Liliaceae	Chlorophytum sternbergianum (Schult. & Schult.f.) Steud. ; Phalangium comosum (Thunb.) Poir ; Anthericum comosum Thunb.	
Chlorophytum comosum 	(Thunb.) Jacques var. variegatum	Liliaceae		
Chlorophytum comosum 	(Thunb.) Jacques var. variegatum	Liliaceae		Phalangium, Phalangère, Plante araignée
Chlorophytum laxum 	R. Br.	Liliaceae		
Chrysalidocarpus lutescens 	Wendl.	Arecaceae		
Chrysanthemum frutescens 	L.	Asteraceae	Argyranthemum frutescens (L.) Sch.Bip.	
Chrysanthemum lutescens 	L.	Asteraceae		
Chrysanthemum morifolium 	Ramat.	Asteraceae		
Chrysopogon aciculatus 	(Retz.) Trin.	Poaceae	Andropogon aciculatum Retz.	
Chrysothemis pulchella 	L. 	Gesneriaceae		
Citrus aurantium 	L. 	Rutaceae		
Citrus limon 	(L.) Burm. f.	Rutaceae		
Citrus maxima 	Merr.	Rutaceae	Citrus grandis L.	
Citrus nobilis 	Lour.	Rutaceae	Citrus medica L. var. limon	
Citrus sinensis 	Osbeck	Rutaceae	Citrus aurantium L. var. sinensis	
Clerodendrum fragrans 	Hort. ex Vent.	Verbenaceae	Clerodendrum chinense (Osbeck) Mabb.	
Clerodendrum inerme 	Wall.	Verbenaceae		
Clerodendrum speciosissimum 	C. Morren	Verbenaceae	Clerodendrum buchananii var. fallax (Lindl.) Moldenke; Clerodendrum fallaxLindl.;Clerodendrum greyi Baker	
Clerodendrum thomsonae 	Balf.	Verbenaceae		
Clerodendrum x speciosum 	Gürke	Verbenaceae	Clerodendrum poggei Gürke	
Clitoria ternatea 	L. 	Fabaceae		Clitorie de Ternate, Liane de Ternate, Pois bleu, Pois savane, Pois papillon de Moorea
Coccoloba uvifera 	L. 	Polygonaceae		raisinnier bord-de-mer, raisin marine
Coccothrinax elegans 	O. Muñiz  & Borhidi 'Bella'	Arecaceae		
Coccothrinax fragrans 	Burret	Arecaceae		
Cocos nucifera	L. 	Arecaceae		
Codiaeum frutescens var.'Wellpark-Beauty’		Euphorbiaceae		Croton
Codiaeum gloriosum superbum'		Euphorbiaceae		
Codiaeum variegatum 	(L.) A.Juss.	Euphorbiaceae		
Codiaeum variegatum 	(L.) A.Juss. 'Clipper'	Euphorbiaceae		
Codiaeum variegatum 	(L.) A.Juss. var. ‘delaruye’	Euphorbiaceae		
Codiaeum variegatum 	(L.) A.Juss.var.' america'	Euphorbiaceae		
Codiaeum variegatum 	(L.) A.Juss. var. aucubifolium	Euphorbiaceae		
Codiaeum variegatum 	(L.) A.Juss.var. cornutum	Euphorbiaceae		
Codiaeum variegatum 	(L.) A.Juss.var. 'elaine'	Euphorbiaceae		
Codiaeum variegatum 	(L.) A.Juss. var. exotica	Euphorbiaceae		
Codiaeum variegatum 	(L.) A.Juss.var. imperialis	Euphorbiaceae		
Codiaeum variegatum 	Vent.	Euphorbiaceae		
Codiaeum variegatum	 (L.) A.Juss. var. punctum aureum	Euphorbiaceae		
Codiaeum variegatum 	(L.) A.Juss.var.craigii	Euphorbiaceae		
Codiaeum variegatum 	(L.) A.Juss. var.'General Paget'	Euphorbiaceae		
Codiaeum variegatum 	(L.) A.Juss.var.Mortimer	Euphorbiaceae		
Codiaeum variegatum 	(L.) A.Juss. var.rubrum	Euphorbiaceae		
Codiaeum variegatum 	(L.) A.Juss. var. gloriosum	Euphorbiaceae		
Coleus blumei 	Benth.	Lamiaceae		Coléus
Coleus blumei 	Benth. var. ‘brilliancy’	Lamiaceae		
Coleus blumei 	Benth. var. ‘klondyke’	Lamiaceae		
Coleus blumei 	Benth. var.'pride of automn'	Lamiaceae		
Coleus blumei 	Benth.var. verschaffeltii Lem.	Lamiaceae		
Coleus rehneltianus 	A. Berger	Lamiaceae		
Colocasia gigantea 	 L.	Araceae		
Cordia lutea 	Lam.	Boraginaceae	Gerascanthus luteus (Lam.) Borhidi	
Cordia sebestana 	 L.	Boraginaceae		Sébestier
Cordyline fruticosa 	(L.) A.Chev.	Liliaceae		
Cordyline terminalis 	 (L.) Kunth	Liliaceae	Dracaena terminalis Rich.	Cordyline / Dragonnier / Plante Ti
Cordyline terminalis 	(L.) Kunth var. amabilis	Liliaceae		
Cordyline terminalis 	(L.) Kunth var. calypso queen	Liliaceae		
Cordyline terminalis 	(L.) Kunth var. firebrand	Liliaceae		
Cordyline terminalis	 (L.) Kunth var. hawaii bonsai	Liliaceae		
Cordyline terminalis 	(L.) Kunth var. in habitat	Liliaceae		
Cordyline terminalis  	(L.) Kunth var. liliput	Liliaceae		
Corypha umbraculifera 	 L.	Arecaceae		
Costus afer 	Ker-Gawl.	Zingiberaceae	Costus insularis A.Chev. ; C. pterometra K. Schum.;C. anomocalyx K. Schum.; C. oblitterans K. Schum.	
Costus malortieanus 	Hort	Zingiberaceae		
Costus speciosus 	Sm.	Zingiberaceae		
Costus spiralis 	Roscoe	Zingiberaceae		
Crescentia cujete 	 L.	Bignoniaceae		Calebassier
Crinum asiaticum 	 L.	Amaryllidaceae		Crinole, Lis rouge
Crinum procerum 	Carey ex Herb. var. splendens Hannibal	Amaryllidaceae		
Crossandra infundibuliformis 	(L.) Nees.	Acanthaceae		
Crossandra nilotica 	Oliv.	Acanthaceae		
Croton zambesicus 	Müll. Arg.	Euphorbiaceae	Croton amabilis Müll. Arg.	
Crypthanthus fosterianus 	Smith. L.B.	Bromeliaceae		
Cryptocereus anthocyanus	Alexander	Cactaceae		
Cryptosegia madagascariensis 	Boj.	Asclepiadaceae		
Cryptostegia grandiflora 	Br. R. ex Lindl.	Asclepiadaceae	Nerium grandiflorum Roxb.  	
Ctenanthe setosa 	D.Parodi Eichl.	Marantaceae		
Cupressus sempervirens 	L.	Cuppressaceae	Cupressus fastigiata DC.; Cupressus pyramidalis Tarq.-Torr.	
Cycas circinalis 	L.	Cycadaceae		
Cycas revoluta 	Thunb.	Cycadaceae		
Cymbopogon citratus 	(DC.) Stapf	Poaceae	Andropogon citratus Hort. ex DC.	
Cynodon dactylon 	Pers.	Poaceae		
Cynometra megalophylla 	Harms	Fabaceae		
Cyperus alternifolius 	L.	Cyperaceae	C. flabelliformis Rottb.; C. involucrata Rottb.	
Cyperus papyrus 	L.	Cyperaceae		
Dahlia pinnata 	Guillaum. var.'Apex'	Asteraceae		
Dahlia pinnata 	Guillaum. var.'Hit parade'	Asteraceae		
Dahlia pinnata 	Guillaum. var.'Jugendliebe'	Asteraceae		
Dahlia pinnata 	Guillaum. var.'Pompon'	Asteraceae		
Dahlia pinnata 	Guillaum. var.'Siegerland'	Asteraceae		
Dasylirion glaucophyllum 	Hook.	Dracaenaceae		
Datura longifolia 	Safford	Solanaceae	D. cornigera Hook.; Brugmansia longifolia Lagerh.; B. arborea Steud. 	
Davallia bullata 	Wall. ex Hook.	Davalliaceae		
Davallia mariesii 	Moore.	Davalliaceae		
Delonix regia 	(Bojer) Raf.	Fabaceae	Poinciana regia Bojer	
Dialium guineense 	Willd.	Fabaceae		
Dieffenbachia amoena 	Hort. ex Gentil	Araceae		
Dieffenbachia amoena 	Hort. var Colombia Costa Rica	Araceae		
Dieffenbachia amoena 	Hort. var. exotica alba	Araceae		
Dieffenbachia amoena 	Hort. var. exotica perfection	Araceae		
Dieffenbachia amoena 	Hort. var. Sao Antonia	Araceae		
Dieffenbachia amoena 	Hort. var. Wilson's Delight	Araceae		
Dieffenbachia maculata 	Schott. var. Rudolf Roehrs	Araceae		
Dieffenbachia picta 	Schott.	Araceae		
Dizygotheca elegantissima 	(Veitch ex Mast.) R. Vig. & Guillaumin	Araliaceae	Schefflera elegantissima (Veitch ex Masters) Lowry  &  Frodin; Aralia elegantissima Veitch	
Dizygotheca reginae   	(Linden ex W. Richards) Hemsl.	Araliaceae		
Dracaena arborea 	(Willd.) Link	Dracaenaceae	Aletris arborea Willd. fide Fl. W. Trop. Africa; D. arborea (Willd.) Link var. baumanniiEngl.;D. knerkiana K.Koch  	
Dracaena deremensis 	Engl.	Dracaenaceae		
Draceana fragans massangeana 	Ker-gawl.	Dracaenaceae		
Dracaena godseffiana 	Sander ex Mast.	Dracaenaceae	Dracaena surculosa Lindl. var. surculosa	
Dracaena godseffiana 	Sander ex Mast. var. friedmanii	Dracaenaceae		
Draceana marginata 	Ait.	Dracaenaceae		
Dracaena sanderiana 	Sander ex Mast.	Dracaenaceae	Dracaena braunii Engl.	
Duranta repens 	L.	Verbenaceae	Duranta erecta L.	
Dyckia fosteriana	 L.B.Sm.	Bromeliaceae		
Echeveria chihuahuaensis 	Poelln.	Crassulaceae		
Echeveria elegans 	(Rose) A. Berger	Crassulaceae	Oliverella elegans Rose	
Echinocactus grusonii 	Hildm.	Cactaceae		
Echinocactus martini 	Cels  ex K.Schum.	Cactaceae		
Echinocereus pectinatus 	Engelm.	Cactaceae	Cereus caespitosus Engelm.  & A.Gray	
Echinocereus triglochidiatus 	Eng.	Cactaceae	Cereus triglochidiatus Engelm.	
Eichhornia crassipes 	(Mart.) Solms	Pontederiaceae		
Elaeis guineensis 	Jacq.	Arecaceae	Elaeis nigrescens A. Chev.; E. virescens A. Chev.	palmier à huile
Encephalartos ferox 	G. Bertol.	Zamiaceae		
Encephalartos gratus 	Prain.	Zamiaceae		
Episcia cupreata 	(Hook.) Hanst.	Gesneriaceae		
Episcia cupreata 	(Hook.) Hanst. var.‘frosty’	Gesneriaceae		
Episcia cupreata 	(Hook.) Hanst. var.’acajou’	Gesneriaceae		
Episcia cupreata 	(Hook.) Hanst. var.metallica	Gesneriaceae		
Episcia cupreata 	(Hook.) Hanst.var.'Schimmer'	Gesneriaceae		
Episcia cupreata 	(Hook.)Hanst. var. musaica	Gesneriaceae		
Eranthemum nervosum 	(Vahl) R. Br.	Acanthaceae		
Erythrina indica 	Lamk.picta L.	Fabaceae		
Eucalyptus citriodora 	Hook.	Myrtaceae		
Eucalyptus deglupta 	Blume	Myrtaceae		
Eucalyptus torrelliana 	F. Muell.	Myrtaceae		
Eucharis grandiflora 	Planch. & Linden	Amaryllidaceae	Urceolinagrandiflora (Planch. &Linden ) Traub	
Euphorbia candelabrum 	Tremaut ex Kotschy	Euphorbiaceae		
Euphorbia heterophylla 	L	Euphorbiaceae		
Euphorbia lactea 	Haw.	Euphorbiaceae		
Euphorbia millii 	Des Moul. var. breonii	Euphorbiaceae		
Euphorbia oncoclada 	Drake.	Euphorbiaceae	Euphorbia alluaudii subsp oncoclada (Drake) Friedmann & Cremers	
Euphorbia pulcherrima 	Willd. ex Klotzsch	Euphorbiaceae		
Euphorbia tirucalli 	L	Euphorbiaceae	Tirucallia tirucalli (L.) P.V. Heath; E. rhypsaloides (Welw.) A. Chev.;E. media N.E.Br	
Euphorbia x keysii 	Hort.	Euphorbiaceae		
Euryale ferox 	Salisb.	Nymphaeaceae		
Felicia fruticosa	 Nichols.	Asteraceae	Aster fruticosus L.	
Ferocactus fordii	 Britton & Rose 	Cactaceae	Echinocactus fordii Orcutt	
Ferocactus herresae 	J.G.Ortega	Cactaceae	Ferocactus wislizeni Britton  &  Rose  var. herrerae (J.G.Ortega ) N.P.Taylo	
Ferocactus latispinus 	Br. & R.	Cactaceae	Cactus latispinus Haw.	
Ferocactus rectispinus 	(Engelm.) L. D. Benson	Cactaceae	Echinocactus rectispinus (Engelm. ex J.M.Coult.) Britton  &  Rose	
Ficus benghalensis 	L	Moraceae		Ficus bagnan
Ficus benjamina 	L	Moraceae		Ficus vert
Ficus benjamina 	L. variegata'	Moraceae		
Ficus benjamina 	L. 'Starlight'	Moraceae		
Ficus elastica .	Roxb	Moraceae		caoutchouc
Ficus elastica 	Roxb. 'Doescheri'	Moraceae		
Ficus elastica 	Roxb.'Decora'	Moraceae		
Ficus elastica 	Roxb.'Schryveriana'	Moraceae		
Ficus lyrata 	Warb.	Moraceae	F. repens;  F. stipulata	
Ficus microcarpa 	Hort.Berol. ex Walp. 	Moraceae		
Ficus pumila 	L.	Moraceae		
Ficus pumila 	L. cv. minima	Moraceae		
Ficus retusa 	L.	Moraceae	Ficus microcarpa L.f.	
Ficus triangularis 	Warb.	Moraceae	Ficus natalensis subsp. leprieurii (Miq.) C.C.Berg	
Fittonia verschaffeltii 	E. Coem.	Acanthaceae		
Fuchsia speciosa 	Bailey	Onagraceae		
Furcraea gigantea 	Vent.	Agavaveae		
Fuchsia triphylla 	L.	Onagraceae		
Galphimia glauca	 Cav.	Malpighiaceae	Thryallis glauca (Cav.) Kuntze	
Gardenia jasminoides fortuniana 	Ellis	Rubiaceae		
Gerbera jamesonii 	Bolus ex Adlam var. 'African daisies'	Asteraceae		
Gerbera jamesonii 	Bolus ex Adlam var. rosea'	Asteraceae		
Gerbera jamesonii 	Bolus ex Adlam var.'Transvaal daisy	Asteraceae		
Gomphrena globosa 	L.	Amaranthaceae		
Graptophyllum pictum 	Nees	Acanthaceae	Graptophyllum hortense Nees	
Guaiacum officinale	L.	Zygophyllaceae		
Gymnocalycium saglione 	(Cels) Br. & R.	Cactaceae	Echinocactus saglionis F.Cels	
Hedychium coronarium 	J.Koenig	Zingiberaceae		
Helianthus annuus	L.	Asteraceae		
Heliconia humidis 	Jacq. 	Heliconiaceae	Bihai marginata Griggs	
Heliconia psittacorum 	L. f.	Heliconiaceae		
Heliconia vellerigena 	Poepp.	Heliconiaceae	Bihai vellerigera Kuntze	
Helxine soleirolii 	Req.	Urticaceae	Soleirolia soleirolii (Req.) Dandy	
Hemigraphis colorata 	Nees	Acanthaceae		
Hibiscus arnottianus 	A. Gray	Malvaceae		
Hibiscus rosa-sinensis 	L.	Malvaceae		
Hibiscus rosa-sinensis 	L. var.  Plenus	Malvaceae		
Hibiscus rosa-sinensis	 L.var. albus	Malvaceae		
Hibiscus rosa-sinensis 	L. var. california gold	Malvaceae		
Hibiscus rosa-sinensis 	L.var. cooperi	Malvaceae		
Hibiscus rosa-sinensis 	L. var. crown of Bohemia	Malvaceae		
Hibiscus rosa-sinensis	 L. var. mist	Malvaceae		
Hibiscus rosa-sinensis 	L. var. natal	Malvaceae		
Hibiscus rosa-sinensis 	L. var. scarlet'	Malvaceae		
Hibiscus schizopetalus 	(Mast.) Hook. f.	Malvaceae	Hibiscus rosa-sinensis L. var. schizopetalus Mast.  	
Hippeastrum leopoldii 	Hort.	Amaryllidaceae		
Hippeastrum puniceum 	(Lam.) Kuntze	Amaryllidaceae	Amaryllis punicea Lam.	
Hippeastrum reticulatum var. striatifolium 	(Herb.) Herb.	Amaryllidaceae		
Homalomena wallisii 	Regel.	Araceae		
Howeia forsteriana 	Becc.	Arecaceae	Kentia forsteriana F.Muell. ex H.Wendl.	
Huernia reticulata 	(Masson) 	Asclepiadaceae	Stapelia reticulata Masson	
Hura crepitans 	L.	Euphorbiaceae		
Hymenocallis speciosa 	Salisb.	Amaryllidaceae		
Impatiens balsamina	L.	Asteraceae	I. eriocarpa Launert ; I. giorgii De Wild.; I. stapfiana Gilg I. tamsiana Exell 	
Impatiens marianae 	Rchb.f. ex Hook.f.	Asteraceae		
Ipomoea cairica 	L.	Convolvulaceae		
Iresine herbstii 	Hook.			
Ixora chinensis	 Lamk.	Rubiaceae		
Ixora coccinea 	L.	Rubiaceae		
Ixora finlaysoniana 	Wall. & G.Don	Rubiaceae		
Ixora finlaysoniana 	Wall. & G.Don cv. rosea	Rubiaceae		
Ixora 	'Herreras Pink'	Rubiaceae		
Ixora javanica 	DC.	Rubiaceae		
Ixora macrothyrsa 	Hort.	Rubiaceae		
Ixora macrothyrsa 	Hort. 'Super King'	Rubiaceae		
Ixora odorata 	Hook.	Rubiaceae		
Jacaranda mimosaefolia 	Don D.	Bignoniaceae	Jacaranda ovalifolia R.Br.	
Jasminum nitidum 	Skan	Oleaceae		jasmin
Jasminum sambac	 Soland	Oleaceae		jasmin
Jatropha gossypifolia 	L.	Euphorbiaceae		jatropha
Jatropha multifida	L.	Euphorbiaceae	Jatropha diversifolia var. panduraefolia (Andrews) M.Gómez	
Jatropha podagrica 	Hook.	Euphorbiaceae		
Kaempferia galanga 	L.	Zingiberaceae		
Kaempferia pulchra 	Rodl. mansonii	Zingiberaceae		
Kaempferia pulchra 	Rodl. Silver pot	Zingiberaceae		
Kalanchoe blossfeldiana 	Poelln.	Crassulaceae	Kalanchoe coccinea (H.Perrier) Boiteau  var. blossfeldiana (Poelln.) Boiteau; K. globulifera var. coccinea H. Perrier	
Kalanchoe blossfeldiana 	Poelln.var.’Tom Thumb’	Crassulaceae		
Kalanchoe daigremontiana 	Hamet et Perr. de la Bat.	Crassulaceae		
Kalanchoe marmorata 	Bak.	Crassulaceae	K. grandiflora A. Rich. 	
Kalanchoe pinnata 	Bowie.	Crassulaceae		
Kalanchoe tomentosa 	Bak.	Crassulaceae	Bryophyllum proliferum Bowie ex Hook.	
Khaya senegalensis 	(Desr.) A.Juss.	Meliaceae	Swietenia senegalensis Desr.	
Lagerstroemia indica 	L.	Lythraceae		
Lagerstroemia speciosa 	(L.) Pers.	Lythraceae		
Lamium galeobdolon 	(L.) L. var. variegatum	Lamiaceae	Galeopsis galeobdolon L.	
Lantana camara 	L.	Verbenaceae		
Lantana montevidensis 	Briq.	Verbenaceae		
Lavandula officinalis 	Chaix	Verbenaceae		
Lawsonia inermis 	L.	Lythraceae		
Licuala grandis 	H. Wendl.	Arecaceae		
Licuala rumphii 	Blume	Arecaceae		
Licuala spinosa 	Wurmb.	Arecaceae	Licuala acutifida Mart.	
Ligustrum ovalifolium 	Hort ex Decne.	Oleaceae	Ligustrum coriaceum	troène panaché
Linospadix monostachya 	H. Wendl.	Arecaceae		
Livistona australis 	Mart.	Arecaceae	Corypha australis R.Br.	
Livistona chinensis	Mart.	Arecaceae		
Malacocarpus tethracanthus 	(Lem.) Rud.Mey.	Cactaceae	Echinocactus tetracanthus Lem.	
Mammillaria bocasana 	Poselg.	Cactaceae	Krainzia bocasana (Poselg.) Doweld	
Mammillaria elegans 	DC.	Cactaceae		
Mammillaria macrothele 	Mart.	Cactaceae	Cactus macrothele Kuntze	
Mammillaria mainae	 K.Brandegee	Cactaceae		
Mammillaria prolifera 	Haw.	Cactaceae	Cactus proliferus Mill.	
Malvaviscus arboreus 	Cav.	Malvaceae		
Mangifera indica 	L.	Anacardiaceae		manguier
Maranta arundinacea 	L.	Marantaceae		
Maranta arundinacea 	L. variegata	Marantaceae		
Maranta leuconeura 	E. Morren.	Marantaceae		
Maranta leuconeura 	E. Morren. erythroneura G.S.Bunting	Marantaceae		
Melia azedarach 	L.	Meliaceae	Melia dubia Cav.	
Melocactus bahiensis 	(Br. & R.) Lutzelb.	Cactaceae	Cactus bahiensis Britton & Rose	
Melocactus caesius 	H. L. Weendl.	Cactaceae	Cactus caesius Britton & Rose	
Millettia thonningii 	(Schum. & Thonn.) Baker	Fabaceae	Robinia thonningii Schum. et Thonn.	
Millingtonia hortensis	 L. f.	Bignoniaceae		
Mirabilis jalapa 	L.	Nyctaginaceae		
Monstera deliciosa 	Liebm.	Araceae		
Monstera epipremnoides	Engl.	Araceae		
Monstera friedrichsthalii 	Schott	Araceae		
Monstera obliqua 	Miq. var. expilata (Schott) Engl.	Araceae	Monstera expilata Schott	
Murraya paniculata 	(L.) Jacq.	Rutaceae	Chalcas paniculata L.	
Musa zebrina	Van Houtte ex Planch.	Musaceae		
Mussaenda erythrophylla 	Schumach. & Thonn.	Rubiaceae		
Mussaenda frondosa 	Lour.	Rubiaceae		
Mussaenda philippica 	A.Rich.	Rubiaceae		
Myrtillocactus geometrizans 	Brandegee	Cactaceae	Cereus geometrizans Mart.	
Nelumbo nucifera 	Gaertn.	Nelumbonaceae	Nymphaea nelumbo Vell.	
Nephrolepis bisserata 	(Sw.) Schott. var.furcans Hort.	Nephrolepidaceae		
Nephrolepis exaltata 	(L.)Schott. 	Nephrolepidaceae	Aspidium exaltatum (L.) Sw.;  Nephrodium exaltatum (L.) R. Br.; Polypodium exaltatum L.; Hypopeltis exaltata (L.) Bory	
Nephrolepis exaltata	 (L.) Schott. var. whitmanii	Nephrolepidaceae		
Nephrolepis exaltata	 Schott. var. norwoodii	Nephrolepidaceae		
Nephrolepis exaltata 	Schott.var. verona .	Nephrolepidaceae		
Nerium oleander 	L.	Apocynaceae	Nerium indicum Mill.  	
Nerium oleander	 L. var. variegatum plenum	Apocynaceae		
Newbouldia laevis 	(Beauv.) Seem. ex Bureau.	Bignoniaceae	Spathodea laevis Beauv.	
Nicolaia elatior 	Horan.	Zingiberaceae	Phaeomeria magnifica  K. Schum.	
Nopalea dejecta 	(Salm-Dyck.) Salm-Dyck	Cactaceae		
Nothopanax filicifolia 	Bailey	Araliaceae		
Notocactus ottonis 	(Lehm.) A. Berger  var. brasiliensis (F. Haage) Borg	Cactaceae	Echinocactus ottonis var. brasiliensis F.Haage	
Nymphaea 	‘Mrs Hitchkook’	Nymphaeaceae		
Nymphaea 	‘pink sensation’	Nymphaeaceae		
Nymphaea 	‘tashkent’	Nymphaeaceae		
Nymphaea capensis 	Thunb.	Nymphaeaceae	Nymphaea nelumbo Vell.	
Nymphaea lotus 	L.	Nymphaeaceae		
Nymphaea micrantha  	Guill. et Perr.	Nymphaeaceae		
Nymphaea rubra	 Roxb. ex Salisb.	Nymphaeaceae		
Nymphaea x daubeniana 	W.T. Baxter ex Daubeny	Nymphaeaceae		
Odontonema strictum 	Kuntze	Acanthaceae		
Ocimum basilicum 	L.	Lamiaceae		
Opuntia  invicta 	Brandegee	Cactaceae	Grusonia invicta (Brandegee) E.F. Anderson	
Opuntia chlorotica 	Engelm. & J.M.Bigelow 	Cactaceae		
Opuntia erinacea ursina 	Engelm. & J.M. Bigelow var. ursina (F.A.C.Weber) Parish 	Cactaceae	Opuntia ursina F.A.C. Weber	
Opuntia ficus-indica	 (L.) Mill.	Cactaceae		
Opuntia phaecantha 	Engelm.	Cactaceae		
Opuntia phaecantha	 Engelm.var. discata (Griffiths) L.D. Benson & Walk.	Cactaceae	Opuntia discata Griffiths	
Opuntia polyacantha 	Haw.	Cactaceae		
Opuntia robusta 	H.L. Wendl. P.	Cactaceae	Opuntia camuessa F.A.C.Weber	
Opuntia streptacantha 	Lem.	Cactaceae		
Opuntia vulgaris 	Mill.	Cactaceae		
Oxalis ovalis 	Ruiz ex Knuth 	Oxalidaceae		
Oxalis regnellii 	Miq.	Oxalidaceae		
Pachycereus pringlei 	Britton & Rose	Cactaceae	Cereus pringlei S.Watson	
Pachystachys lutea 	Nees	Acanthaceae		
Parmentiera edulis	DC.	Bignoniaceae	Parmentiera aculeata (Kunth) Seem.	
Paspalum distichum 	L. 	Poaceae		
Pedilanthus tithymaloides 	Poit.	Euphorbiaceae		
Pedilanthus tithymaloides 	Poit. var. variegatus	Euphorbiaceae		
Peltophorum pterocarpum 	(Decne.) K.Heyne	Fabaceae	Caesalpinia ferruginea Decne. ; Peltophorum ferrugineum (Decne.) Benth. ; Caesalpinia inermis Roxb. ; Peltophorum inerme (Roxb.) Náves ; Peltophorum roxburghii (G.Don) O.Deg.; Peltophorum roxburghii G.Don; Inga pterocarpa DC.  	
Pentas lanceolata 	(Forsk.) Deflers pallida	Rubiaceae		
Peperomia campylotropa 	A.W. Hill	Piperaceae		
Peperomia incana 	A. Dietr.	Piperaceae		
Peperomia magnoliifolia 	(Jacq.) A. Dietr.	Piperaceae	Piper magnoliifolium Jacq. ; Peperomia amplexicaulis (Sw.) A.Dietr.  var. magnoliifolia (Jacq.)Griseb. 	
Peperomia obtusifolia 	(L.) A. Dietr.  	Piperaceae	Piper obtusifolium L. ;Rhynchophorum obtusifolium (L.) Small	
Pereskia aculeata	 Mill.	Cactaceae		
Pereskia corrugata 	Cutak	Cactaceae	Rhodocactus corrugatus (Cutak) Backeb.	
Petrea volubilis 	L. 	Verbenaceae		
Phaeomeria magnifica 	K.Schum.	Zingiberaceae		
Philodendron corcovadense 	Kunth	Araceae		
Philodendron elegans 	Krause	Araceae		
Philodendron goldiana 	Hort.	Araceae		
Philodendron lacerum 	Schott.	Araceae		
Philodendron laciniatum 	Engl.	Araceae		
Philodendron scandens 	K.Koch & Sello	Araceae	Philodendron cuspidatum K.Koch  &  Bouche.	
Philodendron squamiferum 	Poepp. & Endl.	Araceae		
Philodendron warmingii 	Hook. f.	Araceae		
Philodendron x Florida compacta 	Hort.	Araceae		
Phyllanthus angustifolius	 Sw.	Euphorbiaceae		
Pilea microphylla 	Liebm.	Urticaceae		
Pinus canariensis 	Sm.	Pinaceae		
Pinus caribaea 	Morelet	Pinaceae		
Pistia stratiotes 	L.			
Pithecellobium dulce 	(Roxb.) Benth.	Fabaceae	Mimosa dulcis Roxb.; Inga dulcis Wild.; I. lanceolata Blanco.	
Platycerium angolense 	Welm. ex Hook.	Polypodiaceae	P. elephantotis Schweinf.	
Platycerium bifurcatum 	(Cav.) C.Chr.	Polypodiaceae		
Platycerium hilii 	Moore	Polypodiaceae		
Platycerium stemaria 	(P. Beauv.) Desv.	Polypodiaceae		
Platycerium superbum 	Joncheere & Hennipman  	Polypodiaceae		
Plectranthus coleoides 	Benth.var.marginatus	Lamiaceae		
Plectranthus fruticosus 	Wight ex Hook.f.	Lamiaceae		
Plumbago capensis 	Thunb.	Plumbaginaceae		
Plumeria rubra 	L.	Apocynaceae	P. acuminata Aiton ; P. acutifolia Poir. ; P. lutea A.Chev.	
Polianthes tuberosa 	L.	Agavaceae		
Polyalthia longifolia 	(Sonn.) Hook. f. & Thomson	Annonaceae		
Polyalthia longifolia 	(Sonn.) Hook. f. & Thomson var. pendula	Annonaceae	Uvaria longifolia Sonn.	
Polypodium musifolium 	Bl. 	Polypodiaceae		
Polypodium ponctatum 	Thunb.	Polypodiaceae		
Polyscias balfouriana 	Bailey	Araliaceae	Aralia balfcuriana Hort.	
Polyscias balfouriana 	Bailey pennockii	Araliaceae		
Polyscias filicifolia 	Bailey	Araliaceae	Aralia filicifolia Chr. Moore ex Fourn.	
Polyscias guilfoylei 	L.H. Bailey	Araliaceae	Aralia guilfoylei Cogn. & Marchal	
Polyscias guilfoylei 	L.H. Bailey laciniata	Araliaceae		
Polyscias guilgoylei	 L.H.Bailey victorae Bailey	Araliaceae		
Polyscias palapala 	Hort.	Araliaceae		
Polyscias scutellaria 	(Burm.f.) Fosberg	Araliaceae		
Portulaca grandiflora 	Hook.	Portulacaceae		
Portulaca oleracea 	L.	Portulacaceae		
Pritchardia beccariana	 Rock	Arecaceae		
Pseuderanthemum atropurpureum 	(Bull) Radlk. 	Acanthaceae		
Pseuderanthemum atropurpureum 	(Bull) Radlk.var.tonga 	Acanthaceae		
Pseuderanthemum reticulatum 	Radlk.	Acanthaceae	Eranthemum sp.	
Pteris cretica 	L.	Pteridaceae	P. melanocaulon Fee. ; Pycnodoria cretica (L.) Small	
Pteris ensiformis 	Burm.	Pteridaceae		
Punica granatum 	L.	Punicaceae		
Punica granatum 	L. florepleno	Punicaceae		
Puya caerulea 	L.	Bromeliaceae	Pitcairnia caerulea Benth. & Hook.f.	
Quisqualis indica 	L.	Combretaceae	Combretum indicum (L.) DeFilipps	
Ravenala madagascariensis 	Gmel. J.F.	Strelitziaceae		
Rhapis excelsa 	Henry	Arecaceae	Chamaerops excelsa Thunb.	
Rhapis humilis 	Henry	Arecaceae	Chamaerops excelsa Thunb.	
Rhipsalis cassutha 	Gaertn.	Cactaceae	Hariota cassutha (Gaertn.) Lem.	
Rhoeo spathacea 	(Sw.) Stearn vittata	Commelinaceae	R. discolor (C.L. L'Héritier) H.F. Hance ex W.G. Walpers; Tradescantia discolor C.L. L'Héritier; T. spathacea O.P. Swartz	
Richycereus weberi 	Hort.	Cactaceae		
Rosa centifolia 	L.	Rosaceae		
Rosa floribunda 	Hort. ex Andrews ‘Crimson Rosette’	Rosaceae		
Rosa floribunda 	Hort. ex Andrews ‘Fashionette’	Rosaceae		
Rosa floribunda 	Hort. ex Andrews ‘Scarlet Marvel’	Rosaceae		
Rosa floribunda 	Hort. ex Andrews ‘Spice’	Rosaceae		
Rosa floribunda 	Hort. ex Andrews ’Double Paul’s Scarlet’	Rosaceae		
Rosa grandiflora 	Lindl. ‘Queen Elisabeth’	Rosaceae		
Rosa odorata 	Sw. ‘Better Times’	Rosaceae		
Rosa odorata 	Sw. ‘Golden Rapture’	Rosaceae		
Rosa odorata 	Sw. ‘Happiness’	Rosaceae		
Rosa odorata 	Sw. ‘Mrs. Pierre S. Dupont’	Rosaceae		
Rosa odorata 	Sw. ‘Mrs. W.C. Miller’	Rosaceae		
Roystonea regia 	O.F. Hook.	Arecaceae	Oreodoxa regia Kunth	
Ruellia squarrosa 	(Fenzl) Cufod.	Acanthaceae	Dipteracanthus squarrosus Fenzl	
Ruspolia hypocrateriformis 	(Vahl) Milne-Redh.	Acanthaceae		
Russelia equisetiformis	Merrill	Acanthaceae		
Samanea saman 	(Jacquin) 	Fabaceae	Albizzia saman F. Muell.; Mimosa saman Jacq.;  Pithecellobium saman (Jacq.) Benth.; Zygia saman (Jacq.) Benth.; Albizia flavovirens Hoyle	
Sanchezia nobilis 	Hook.f.	Acanthaceae		
Sansevieria cylindrica 	Boj.	Dracaenaceae		
Sansevieria stuckyi 	Godegroy-Leboeuf.	Dracaenaceae  		
Sansevieria trifasciata 	Prain.	Dracaenaceae  		
Sansevieria trifasciata 	Prain. var. hahnii	Dracaenaceae  		
Sansevieria trifasciata 	Prain. var. hahnii variegata	Dracaenaceae  		
Sansevieria trifasciata 	Prain.var. golden hahnii	Dracaenaceae  		
Sansevieria trifasciata 	Prain.var. laurentii'	Dracaenaceae  		
Schefflera arboricola 	(Hayata) Merr.	Araliaceae	Heptapleurum arboricola Hayata	
Schefflera farinosa 	(Blume) Merr.	Araliaceae	Actinophyllum farinosum Blume	
Schismatoglottis novo-guineensis 	Br. N.E.	Araceae	Homalomena novo-guineensis Engl.	
Schizocasia lauterbachiana 	Engl.	Araceae	Alocasia lauterbachiana (Engl.) A.Hay	
Scindapsus aureus 	Engl.	Araceae	Pothos aureus Linden ex Andre	
Scirpus cernuus	 Vahl.	Cyperaceae	Isolepis cernua (Vahl) Roem. & Schult. var. cernua	
Setcreasea purpurea 	B.M. Boom		Tradescantia spathacea Sw.	
Solandra grandiflora 	Tussac	Solanaceae		
Spathiphyllum blandum 	Schott.	Araceae		
Spathiphyllum cannaefolium 	Schott.	Araceae	Spathiphyllum candicans Poepp. & Endl.	
Spathiphyllum 	'Mc Coy'	Araceae		
Spathodea campanulata 	P. Beauv.	Bignoniaceae		
Spathoglottis plicata  	Blume	Orchidaceae		
Spilanthes fusca 	Hort. Par. ex Lam.	Asteraceae	Spilanthes acmella Murr.	
Spilanthes oleracea 	L.	Asteraceae	Acmella oleracea (L.) R.K.Jansen ; S. acmella (L.) Murray var. oleracea (L.) C.B.Clarke ex Hook.f. 	
Stachytarpheta cayenensis 	(L.C. Rich.) Schau.	Verbenaceae		
Stapelia asterias 	Masson	Apocynaceae	S. hirsuta L. var. hirsuta	
Stapelia gigantea 	N.E. Br.	Apocynaceae	S. cylista C.A.Lückh.; S. gigantea N.E.Br. var. pallida E.Phillips ; S. marlothii N.E.Br. ; S. nobilis N.E.Br. ; S. youngii N.E.Br.; Gonostemon giganteus (Brown) P.V.Heath	
Stapelia gigantea 	N.E. Br. var.palllida E. Phillips	Apocynaceae	Stapelia gigantea N.E. Br.	
Stapelia nobilis	 N.E.Br.	Apocynaceae	Stapelia gigantea N.E. Br.	
Stenotaphrum secundatum 	(Walt.) Kuntze. variegatum	Poaceae	Ischaemum secundatum Walter ;  	
Sterculia foetida 	L.	Sterculiaceae		
Strelitzia reginae 	Pittier	Strelitziaceae		
Strobilanthes dyerianus	 Mast.	Acanthaceae	Strobilanthesauriculata Nees var. dyeriana (Mast.) J.R.I.Wood	
Strobilanthes maculata 	Nees.	Acanthaceae		
Strophanthus gratu	s (Hook.) Franch.	Apocynaceae	Roupellia grata Wall. &Hook.; Strophanthus ouabaio Holmes; S. perrotii A.Chev.; S. standleyanus Hort. ex Wall. & Hook.  	
Syngonium macrophyllum 	Engl.	Araceae		
Syngonium podophyllum 	Schott. albo-virens	Araceae		
Syngonium podophyllum 	Schott. 'emerald gem'	Araceae		
Syngonium podophyllum 	Schott.'green gold'	Araceae		
Tagetes patula 	L.	Asteraceae		
Tecoma stans 	(L.) Juss. ex Kunth.	Bignoniaceae		
Tectona grandis	L. f.	Lamiaceae		
Terminalia cattapa 	L.	Combretaceae		
Terminalia mantaly 	H.Perrier	Combretaceae		
Thespesia populnea 	Soland. ex Corrêa	Malvaceae		
Thevetia neriifolia 	Juss. ex Steud.	Apocynaceae	Ahouai thevetia (L.) M.Gómez ; Cascabela peruviana (Pers.) Raf. ; Cerbera peruviana Pers. ; Cerbera thevetia L. ; Thevetia linearis Raf. ; Thevetia neriifolia Juss. ex Steud. ; T. peruviana (Pers.) K. Schum.  	
Thevetia peruviana 	(Pers.) Merr.	Apocynaceae	Cerbera peruviana Pers.; C. thevetia L.; Cascabela thevetia (L.) Lippold	
Thryallis glauca	 O. Ktze	Malpighiaceae		
Thuja occidentalis	 L.	Cupressaceae	Thuja theophrasti Nieuwl.	
Thuja occidentalis	 L. spiralis	Cupressaceae	Thuja theophrasti Nieuwl.	
Thuja occidentalis	 L.	Cupressaceae	Thuja theophrasti Nieuwl.	
Thuja plicata 	L. excelsa	Cupressaceae	Thuja theophrasti Nieuwl.	
Thunbergia alata 	Boj.	Acanthaceae		
Thunbergia erecta 	(Benth.) T. Anders. 	Acanthaceae		
Thunbergia fragrans 	Roxb.	Acanthaceae		
Thunbergia grandiflora 	(Roxb. ex Rottl.) Roxb.	Acanthaceae		
Tithonia diversifolia 	A.Gray	Asteraceae		
Tithonia rotundifolia		Asteraceae		
Tradescantia fliminensis 	Vell. variegata 	Commelinaceae		
Tradescantia fluminensis 	Vell.Quicksilver	Commelinaceae		
Tribulus cistoides	 L.	Zygophyllaceae		
Tulipa gesnerana	 L. var. Blizzard	Liliaceae		
Turnera ulmifolia 	 L.	Turneraceae		
Vanda caerulea 	Griff. ex Lindl. 	Orchidaceae	Vanda caerulescens Lindl.	
Vanda teres 	Lindl.	Orchidaceae		
Victoria amazonica 	Sowerby	Nymphaeaceae		
Victoria regia 	Lindl. 	Nymphaeaceae	Victoria regia Lindl. 	
Victoria regia 	Lindl. var. cruziana Orbign.	Nymphaeaceae	Victoria regina J.E.Gray	
Washingtonia filifera 	Wendl.	Arecaceae		
Wedelia trilobata 	(L.) Hitch.	Asteraceae	Silphium trilobatum L.; Sphagneticola trilobata (L.) Pruski	
Xanthosoma lindenii 	(André) S.Moore magnificum	Araceae		
Xanthosoma lindenii 	(André) S.Moore'yautia'	Araceae		
Xanthosoma sagittifolium	 (L.) Schott	Araceae	Arum sagittifolium L.	
Yucca aloifolia	 L.	Agavaceae		
Zamia dominican 	L.f.	Zamiaceae		
Zamia dudgesiana 	L.f.	Zamiaceae		
Zamia fischeri 	Miq.	Zamiaceae		
Zamia floridana 	A. DC.	Zamiaceae		
Zamia furfuracea 	L.f.	Zamiaceae		
Zamia fusca 	Hort.Paull. ex Regel	Zamiaceae	Zamia crassifolia L.f.  	
Zamia pumila 	 L.	Zamiaceae	Zamia pygmaea Sims; Zamia silvicola Small; Zamia umbrosa Small	
Zamia standleyi	 Schutzman 	Zamiaceae		
Zebrina pendula 	Schnizl.	Commelinaceae		
Zephyranthes carinata 	Herb.	Amaryllidaceae		
Zephyranthes grandiflora 	Lindl.	Amaryllidaceae		
Zingiber zerumbet 	(L.) Sm.	Zingiberaceae	Amomum zerumbet L.	
Zinnia elegans 	Jacq.	Asteraceae	Crassina elegans Kuntze	
Zoysia tenuifolia 	Trin.	Poaceae	Zoysia matrella Druce subsp. tenuifolia (Willd. ex Trin.) T.Koyama	