Acacia auriculaeformis ,A.Cunn. ex Benth.,Mimosaceae,,Acacia,Acacia auriculaeformis Benth.,SPECIES,Fabaceae,Acacia auriculaeformis,100,EXACT
Acacia biflorus ,R.Br.,Mimosaceae,Racosperma biflorum (R.Br.) Pedley,,Acacia biflora R.Br.,SPECIES,Fabaceae,Acacia biflora,95,FUZZY
Acacia nilotica ,Delile,Mimosaceae,,,Acacia nilotica (L.) Delile,SPECIES,Fabaceae,Acacia nilotica,100,EXACT
Acalypha hispida ,Burm.f.,Euphorbiaceae,,"Acalyphe, Ricinelle, Queue de chat",Acalypha hispida Burm. f.,SPECIES,Euphorbiaceae,Acalypha hispida,100,EXACT
Acalypha wilkesiana ,Müll. Arg.,Euphorbiaceae,Acalypha amentacea subsp. wilkesiana (Müll.Arg.) Fosberg,"Acalyphe, Ricinelle, Queue de chat",Acalypha wilkesiana Müll.Arg.,SPECIES,Euphorbiaceae,Acalypha wilkesiana,100,EXACT
Acalypha wilkesiana ,Müll. Arg. var.'java white',Euphorbiaceae,,,Acalypha wilkesiana Müll.Arg.,SPECIES,Euphorbiaceae,Acalypha wilkesiana,100,EXACT
Acalypha wilkesiana ,Müll. Arg. var. hoffmanii,Euphorbiaceae,,,Acalypha wilkesiana Müll.Arg.,SPECIES,Euphorbiaceae,Acalypha wilkesiana,100,EXACT
Acalypha wilkesiana, Müll. Arg. var. macrophylla,Euphorbiaceae,,,Acalypha wilkesiana Müll.Arg.,SPECIES,Euphorbiaceae,Acalypha wilkesiana,100,EXACT
Acalypha wilkesiana, Müll. Arg. var. moorea,Euphorbiaceae,,,Acalypha wilkesiana Müll.Arg.,SPECIES,Euphorbiaceae,Acalypha wilkesiana,100,EXACT
Acalypha wilkesiana ,Müll. Arg. var. tricolor,Euphorbiaceae,Acalypha tricolor Seem.,,Acalypha wilkesiana Müll.Arg.,SPECIES,Euphorbiaceae,Acalypha wilkesiana,100,EXACT
Acanthocereus pentagonus ,Britton & Rose ,Cactaceae,Cactus pentagonus L.; Cereus pentagonus Haw.,,Acanthocereus pentagonus (L.) Britt. & Rose,SPECIES,Cactaceae,Acanthocereus pentagonus,100,EXACT
Acanthus mollis, L.,Acanthaceae,Acanthus ugandensis C.B.Clarke; A. arboreus C.B.Clarke; A. arboreus Forssk. var. pubescens ;  A. polystachyus Delile var. pseudopubescens Cufod.Thomson ex Oliv.; ,"Acanthe, Acanthe molle, Branche-ursine",Acanthus mollis L.,SPECIES,Acanthaceae,Acanthus mollis,100,EXACT
Acanthus pubescens ,(Thomson ex Oliv.) Engl.,Acanthaceae,A. polystachyus Delilevar. polystachyus ; A. arboreus C.B.Clarke - non Forssk.  ,,Acanthus pubescens Engl.,SPECIES,Acanthaceae,Acanthus pubescens,100,EXACT
Acrosticum aureum,(Thomson ex Oliv.) Engl.,,,,Acrostichum aureum L.,SPECIES,Pteridaceae,Acrostichum aureum,90,FUZZY
Adenium obesum ,(Forssk.) Roem. & Schult.,Apocynaceae,Nerium obesumForssk.;A. coetaneum Stapf. A. honghel A. DC.; A. arabicum Balf.f.,"Rose du désert; lis des impalas, faux baobab, désert rose",Adenium obesum (Forssk.) Roem. & Schult.,SPECIES,Apocynaceae,Adenium obesum,100,EXACT
Aechmea caudata ,Lindman variegata,Bromeliaceae,Ortgiesia caudata (Lindm.) L.B.Sm. & W.J.Kress,"Aechmée, Aechméa victorienne",Aechmea caudata Lindm.,SPECIES,Bromeliaceae,Aechmea caudata,100,EXACT
Aechmea chantinii ,Bak.,Bromeliaceae,Billbergia chantini Carrière,,Aechmea chantinii (Carrière) Baker,SPECIES,Bromeliaceae,Aechmea chantinii,99,EXACT
Aechmea fasciata ,Bak.,Bromeliaceae,,,Aechmea fasciata (Lindl.) Baker,SPECIES,Bromeliaceae,Aechmea fasciata,100,EXACT
Agave americana ,L. marginata,Agavaveae,,Agave,Agave americana L.,SPECIES,Asparagaceae,Agave americana,100,EXACT
Agave angustifolia ,Haw. var.marginata,Agavaveae,,,Agave angustifolia Haw.,SPECIES,Asparagaceae,Agave angustifolia,100,EXACT
Agave atrovirens ,L.,Agavaveae,,,Agave atrovirens Karw. ex Salm-Dyck,SPECIES,Asparagaceae,Agave atrovirens,100,EXACT
Agave attenuata  ,L.,Agavaveae,,,Agave attenuata Salm-Dyck,SPECIES,Asparagaceae,Agave attenuata,100,EXACT
Agave filifera ,Salm-Dyck.,Agavaveae,,,Agave filifera Salm-Dyck,SPECIES,Asparagaceae,Agave filifera,100,EXACT
Agave victoriae-reginae, Moore.,Agavaveae,,,Agave victoriae-reginae T.Moore,SPECIES,Asparagaceae,Agave victoriae-reginae,100,EXACT
Aglaonema commutatum ,Schott.,Araceae,,Aglaonéma,Aglaonema commutatum Schott,SPECIES,Araceae,Aglaonema commutatum,100,EXACT
Aglaonema costatum ,N.E.Br. f. foxii R.N.Jervis,Araceae,,,Aglaonema costatum N.E.Br.,SPECIES,Araceae,Aglaonema costatum,100,EXACT
Aglaonema marantifolium ,Blume,Araceae,,,Aglaonema marantifolium Blume,SPECIES,Araceae,Aglaonema marantifolium,100,EXACT
Aglaonema modestum ,Schott  ex Engl.,Araceae,,,Aglaonema modestum Schott ex Engl.,SPECIES,Araceae,Aglaonema modestum,100,EXACT
Allamanda cathartica ,L. var. hendersonii Hort.,Apocynaceae,A. oubletii Pohl.; A. linnei Pohl.; A. williamsii Hort.; A. hendersonii W.Bull ex Dombrain,"Allamanda purgative, Orélie de Guyane",Allamanda cathartica L.,SPECIES,Apocynaceae,Allamanda cathartica,100,EXACT
Allamanda neriifolia ,Hook.,Apocynaceae,,"liane à lait, trompette d'or ou Orelia",Allamanda neriifolia Hook.,SPECIES,Apocynaceae,Allamanda neriifolia,100,EXACT
Allamanda violacea ,Gardn.,Apocynaceae,Allamanda blanchetii A.DC.,,Allamanda violacea Gardn. & Field.,SPECIES,Apocynaceae,Allamanda violacea,100,EXACT
Alocasia korthalsii ,Schott,Araceae,,Allamanda ,Alocasia korthalsii Schott,SPECIES,Araceae,Alocasia korthalsii,100,EXACT
Alocasia lowii ,Hook. f.grandis,Araceae,,,Alocasia lowii Hook.f.,SPECIES,Araceae,Alocasia lowii,100,EXACT
Alocasia macrorhiza ,Schott,Araceae,,Oreille d'âne,Alocasia macrorhiza Schott,SPECIES,Araceae,Alocasia macrorhiza,100,EXACT
Alocasia plumbea ,Van Houtte,Araceae,Alocasia indica Schott metallica,Oreilles d'éléphant géantes,Alocasia plumbea Van Houtte,SPECIES,Araceae,Alocasia plumbea,100,EXACT
Alocasia sanderiana, Bull.,Araceae,,Oreille d'éléphant,Alocasia sanderiana W.Bull,SPECIES,Araceae,Alocasia sanderiana,100,EXACT
Aloe aristata ,Haw,Liliaceae,A. longiaristata Schult. &Schult.f.;A. aristata var. leiophylla Baker; A. aristata var. parviflora Baker ; A. ellenbergii Guillaumin,Oreille d'éléphant,Aloe aristata Haw.,SPECIES,Xanthorrhoeaceae,Aloe aristata,100,EXACT
Aloe brevifolia ,Mill.,Aloaceae/Xanthorrhoeaceae,,Aloès,Aloe brevifolia Mill.,SPECIES,Xanthorrhoeaceae,Aloe brevifolia,100,EXACT
Aloe eru ,Berger ,Aloaceae,Aloe camperi Schweinf.,,Aloe eru A.Berger,SPECIES,Xanthorrhoeaceae,Aloe eru,100,EXACT
Aloe eru ,Berger maculata,Aloaceae,,,Aloe eru A.Berger,SPECIES,Xanthorrhoeaceae,Aloe eru,100,EXACT
Aloe saponaria ,Mill.,Aloaceae,,,Aloe saponaria (Aiton) Haw.,SPECIES,Xanthorrhoeaceae,Aloe saponaria,100,EXACT
Aloe vera ,(L.) Burm.f.,Aloaceae,Aloe vulgaris Lam. ,,Aloe vera (L.) Burm. f.,SPECIES,Xanthorrhoeaceae,Aloe vera,100,EXACT
Aloe vera, L. chinensis,Aloaceae,,,Aloe vera (L.) Burm. f.,SPECIES,Xanthorrhoeaceae,Aloe vera,100,EXACT
Alpinia purpurata ,(Vieill.) K.Schum.,Zingiberaceae,Guillainia purpurata Vieill.,,Alpinia purpurata (Vieill.) K.Schum.,SPECIES,Zingiberaceae,Alpinia purpurata,100,EXACT
Alpinia sanderae ,Hort. Sand.,Zingiberaceae,,"Gingembre rouge, Galanga, Alpinie",Alpinia sanderae Sander,SPECIES,Zingiberaceae,Alpinia sanderae,100,EXACT
Alpinia zerumbet ,(Pers.) B.L.Burtt & R.M. Sm. variegata,Zingiberaceae,Costus zerumbet Pers.; A. vittata W. Bull,,Alpinia zerumbet (Pers.) B.L.Burtt & R.M.Sm.,SPECIES,Zingiberaceae,Alpinia zerumbet,100,EXACT
Alternanthera bettzickiana ,(Regel) G. Nicholson,Amaranthaceae,Telanthera bettzickiana Regel,Gingembre coquille,Alternanthera bettzickiana (Regel) Voss,SPECIES,Amaranthaceae,Alternanthera bettzickiana,99,EXACT
Alternanthera bettzickiana ,(Regel) G. Nicholson var. aurea,Amaranthaceae,,Alternanthera,Alternanthera bettzickiana (Regel) Voss,SPECIES,Amaranthaceae,Alternanthera bettzickiana,99,EXACT
Alternanthera dentata ,(Moench) Scheygr.var.'Ruby',Amaranthaceae,Gomphrena dentata Moench,,Alternanthera dentata (Moench) Stuchlik ex R.E. Fr.,SPECIES,Amaranthaceae,Alternanthera dentata,100,EXACT
Alternanthera versicolor,Noronha,Amaranthaceae,Celosiacristata L.,,Alternanthera versicolor Hort. ex Regel,SPECIES,Amaranthaceae,Alternanthera versicolor,100,EXACT
Amaranthus hybridus ,L. subsp. cruentus (L.) Thell.,Amaranthaceae,A. cruentus L.; A. hybridus subsp. cruentus (L.) Thell.;A. chlorostachys auct. - non Willd.-- misapplied name (inv); A. cruentus var. paniculatus (L.) Thell.;A. paniculatus L.; A. caudatus var. pseudopaniculatus Suess.; A. caudatus forma oblongopetalus Suess.; A. hypochondriacus var. subdubius Suess.; A. hybridus var. incurvatus auct. - sensu Brenan  ,"Amarante queue de renard, Blé des Incas",Amaranthus hybridus L.,SPECIES,Amaranthaceae,Amaranthus hybridus,100,EXACT
Amaranthus paniculatus ,L.,Amaranthaceae,A. hybridus subsp. cruentus (L.) Thell.  A. hybridusvar. paniculatus (L.) Thell.,,Amaranthus paniculatus L.,SPECIES,Amaranthaceae,Amaranthus paniculatus,100,EXACT
Amaranthus tricolor,L.,Amaranthaceae,A. tricolor subsp. tristis (L.) Aellen ; A. tristis L.;  A. inamoenus Willd.  ,,Amaranthus tricolor L.,SPECIES,Amaranthaceae,Amaranthus tricolor,100,EXACT
Ananas comosus, (L.) Merr. 'Porteanus',Bromeliaceae,,Crête de coq,Ananas comosus (L.) Merr.,SPECIES,Bromeliaceae,Ananas comosus,100,EXACT
Andryala pinnatifida, Aiton,Asteraceae,Andryala canariensis Lowe  ,Ananas,Andryala pinnatifida Aiton,SPECIES,Asteraceae,Andryala pinnatifida,100,EXACT
Anthurium andraeanum ,Lind. ,Araceae,,,Anthurium andraeanum Linden ex André,SPECIES,Araceae,Anthurium andraeanum,100,EXACT
Anthurium andraeanum ,Lind. var. rhodochlorum,Araceae,,Andryale,Anthurium andraeanum Linden ex André,SPECIES,Araceae,Anthurium andraeanum,100,EXACT
Anthurium andraeanum ,Lind. var. rubrum,Araceae,,Anthurium,Anthurium andraeanum Linden ex André,SPECIES,Araceae,Anthurium andraeanum,100,EXACT
Anthurium clarinervium ,Schott.,Araceae,,,Anthurium clarinervium Matuda,SPECIES,Araceae,Anthurium clarinervium,100,EXACT
Anthurium hookeri ,Kunth.,Araceae,,,Anthurium hookeri Kunth,SPECIES,Araceae,Anthurium hookeri,100,EXACT
Anthurium scherzerianum ,Schott.,Araceae,,,Anthurium scherzerianum Schott,SPECIES,Araceae,Anthurium scherzerianum,100,EXACT
Antigonon leptopus, Hook. & Arn.,Portulacaceae,,,Antigonon leptopus Hook. & Arn.,SPECIES,Polygonaceae,Antigonon leptopus,100,EXACT
Aphelandra squarrosa, Nees.,Acanthaceae,,,Aphelandra squarrosa Nees,SPECIES,Acanthaceae,Aphelandra squarrosa,100,EXACT
Aptenia cordifolia ,Schwant.,Aïzoaceae,Mesembryanthemum cordifolium L.f.,"Liane corail, Belle mexicaine, Chaïne d'amour",Aptenia cordifolia (L. f.) Schwantes,SPECIES,Aizoaceae,Aptenia cordifolia,100,EXACT
Arachnis flos-aeris, (L.) Rchb. f.,Orchidaceae,,"Aphélandre, Plante zèbre",Arachnis flos-aeris (L.) Rchb.f.,SPECIES,Orchidaceae,Arachnis flos-aeris,100,EXACT
Aralia elata ,Seem.,Araliaceae,Aralia spinosa L.; Dimorphanthus elatus Miq.;,Aptenia,Aralia elata (Miq.) Seem.,SPECIES,Araliaceae,Aralia elata,100,EXACT
Aralia elata, Seem. variegata,Araliaceae,,Orchidée,Aralia elata (Miq.) Seem.,SPECIES,Araliaceae,Aralia elata,100,EXACT
Aralia fruticosa ,Sessé & Moc.,Araliaceae,,,Aralia fruticosa (L.) L.H.Bailey,SPECIES,Araliaceae,Aralia fruticosa,100,EXACT
Araucaria cunninghamii ,Ait.,Araucariaceae,,"Aralie ailé, Angélique du Japon",Araucaria cunninghamii Aiton ex A. Cunn.,SPECIES,Araucariaceae,Araucaria cunninghamii,99,EXACT
Araucaria excelsa ,R. Br.,Araucariaceae,,Angélique de Chine,Araucaria excelsa (Lamb.) R. Br.,SPECIES,Araucariaceae,Araucaria excelsa,100,EXACT
Areca triandra ,Roxb.,Arecaceae,,"Araucaria, Pin à collier",Areca triandra Roxb. ex Buch.-Ham.,SPECIES,Arecaceae,Areca triandra,100,EXACT
Aristolochia brasiliensis, Mart. & Zucc.,Aristolochiaceae,,Pin ou Sapin de Norfolk,Aristolochia brasiliensis Mart. & Zucc.,SPECIES,Aristolochiaceae,Aristolochia brasiliensis,100,EXACT
Aristolochia elegans ,Mast.,Aristolochiaceae,,,Aristolochia elegans Mast.,SPECIES,Aristolochiaceae,Aristolochia elegans,100,EXACT
Aristolochia fimbriata ,Cham.,Aristolochiaceae,,,Aristolochia fimbriata Cham.,SPECIES,Aristolochiaceae,Aristolochia fimbriata,100,EXACT
Aristolochia littoralis ,D. Parodi,Aristolochiaceae,,,Aristolochia littoralis D. Parodi,SPECIES,Aristolochiaceae,Aristolochia littoralis,100,EXACT
Arthropodium cirrhatum ,R.Br.,Liliaceae,,,Arthropodium cirrhatum (G.Forst.) R.Br.,SPECIES,Asparagaceae,Arthropodium cirrhatum,100,EXACT
Artocarpus nobilis ,J.R. & G. Forst.,Moraceae,Artocarpus communis J. R. & G. Forst.; Artocarpus incisus L. f. ; Radermachia incisa Thunb.; Sitodium altile Parkinson,,Artocarpus nobilis Thwaites,SPECIES,Moraceae,Artocarpus nobilis,100,EXACT
Asclepias curassavica ,L.,Asclepiadaceae,Asclepias margaritacea Hoffmanns.  A. nivea L. var. curassavica (L.) Kuntze,,Asclepias curassavica L.,SPECIES,Apocynaceae,Asclepias curassavica,100,EXACT
Asparagus densiflorus ,(Kunth) Jessop sprengeri,Liliaceae,Asparagopsis densiflora Kunth,"Arbre à pin, Châtaignier-pays",Asparagus densiflorus (Kunth) Jessop,SPECIES,Asparagaceae,Asparagus densiflorus,100,EXACT
Asparagus plumosus ,Bak.,Liliaceae,Protasparagus plumosus (Bak.) Oberm.,Asclépiade de Curaçao,Asparagus plumosus Baker,SPECIES,Asparagaceae,Asparagus plumosus,100,EXACT
Asparagus scandens ,Bak. deflexus,Liliaceae,,Asparagus,Asparagus scandens Thunb.,SPECIES,Asparagaceae,Asparagus scandens,100,EXACT
Asparagus sprengeri ,Bak. ,Liliaceae,,Asparagus des fleuristes,Asparagus sprengeri Regel,SPECIES,Asparagaceae,Asparagus sprengeri,100,EXACT
Asplenium nidus ,L.,Aspleniaceae,Asplenium scalapendrium Lour. ; AspleniumficifaliumGoldm. ; Thamnapteris nidus (L.) C. Presl.;A. ellipticum (Fee) Cop.,Fougère,Asplenium nidus L.,SPECIES,Aspleniaceae,Asplenium nidus,100,EXACT
Asplenium viviparum ,(L.fil.) C.Presl,Aspleniaceae,,,Asplenium viviparum Blume,SPECIES,Aspleniaceae,Asplenium viviparum,100,EXACT
Averrhoa carambola ,L.,Oxalidaceae,,,Averrhoa carambola L.,SPECIES,Oxalidaceae,Averrhoa carambola,100,EXACT
Azadirachta indica ,A. Juss.,Meliaceae,Melia azadirachta L.,Fougère nid d'oiseau,Azadirachta indica A. Juss.,SPECIES,Meliaceae,Azadirachta indica,100,EXACT
Bambusa multiplex, (Lour.) Raeusch. ex Schult. & Schult.f.,Poaceae,Arundo multiplex Lour.,,Bambusa multiplex (Lour.) Raeusch. ex Schult.,SPECIES,Poaceae,Bambusa multiplex,100,EXACT
Bambusa nana ,Roxb.,Poaceae,,"Margousier, Neem",Bambusa nana Roxb.,SPECIES,Poaceae,Bambusa nana,100,EXACT
Bambusa vulgaris ,Schrader ex Wendl.,Poaceae,,Bambou,Bambusa vulgaris Schrad.,SPECIES,Poaceae,Bambusa vulgaris,100,EXACT
Barleria lupulina ,Lindl.,Acanthaceae,,,Barleria lupulina Lindl.,SPECIES,Acanthaceae,Barleria lupulina,100,EXACT
Begonia aconitifolia ,Lam.,Begoniaceae,,,Begonia aconitifolia A.DC.,SPECIES,Begoniaceae,Begonia aconitifolia,100,EXACT
Begonia cathayana ,Hemsl.,Begoniaceae,,,Begonia cathayana Hemsl.,SPECIES,Begoniaceae,Begonia cathayana,100,EXACT
Begonia cleopatra ,Lem.,Begoniaceae,,,Begonia L.,GENUS,Begoniaceae,Begonia,96,HIGHERRANK
Begonia decora ,Stapf. rhizomatous,Begoniaceae,,Begonia,Begonia decora Stapf,SPECIES,Begoniaceae,Begonia decora,100,EXACT
Begonia deliciosa ,Linden ex Fotsch,Begoniaceae,,,Begonia deliciosa Linden ex Fotsch,SPECIES,Begoniaceae,Begonia deliciosa,100,EXACT
Begonia exotica ,Lem.,Begoniaceae,,,Begonia hexaptera Sands,SPECIES,Begoniaceae,Begonia hexaptera,82,FUZZY
Begonia heracleifolia ,Cham. & Schltdl.,Begoniaceae,,,Begonia heracleifolia Cham. & Schltdl.,SPECIES,Begoniaceae,Begonia heracleifolia,100,EXACT
Begonia lucerna ,Blume.,Begoniaceae,,,Begonia lucida Haw.,SPECIES,Begoniaceae,Begonia lucida,86,FUZZY
Begonia masoniana ,Irmsch.,Begoniaceae,,,Begonia masoniana Irmsch. ex Ziesenh.,SPECIES,Begoniaceae,Begonia masoniana,100,EXACT
Begonia semperflorens ,Hook.,Begoniaceae,,,Begonia semperflorens Link & Otto,SPECIES,Begoniaceae,Begonia semperflorens,100,EXACT
Beloperone guttata ,Brandegee,Acanthaceae,,,Beloperone guttata Brandegee,SPECIES,Acanthaceae,Beloperone guttata,100,EXACT
Billbergia zebrina ,Lindl.,Bromeliaceae,,,Billbergia zebrina (Herb.) Lindl.,SPECIES,Bromeliaceae,Billbergia zebrina,100,EXACT
Bismarckia nobilis ,Hildebr. & H.Wendl.,Arecaceae,,Plante aux crevettes; Queue d'écrevisse,Bismarckia nobilis Hildebr. & H.Wendl.,SPECIES,Arecaceae,Bismarckia nobilis,100,EXACT
Borassus aethiopum ,Mart.,Arecaceae,,,Borassus aethiopum Mart.,SPECIES,Arecaceae,Borassus aethiopum,99,EXACT
Bougainvillea glabra ,Choisy,Nyctagynaceae,Bougainvillea spectabilis Willd.  var. glabra (Choisy) Hook.,Palmier de Bismarck,Bougainvillea glabra Choisy,SPECIES,Nyctaginaceae,Bougainvillea glabra,100,EXACT
Bougainvillea harisii ,Hort.,Nyctagynaceae,,"Rônier, Borasse éthiopien","Bougainvillea Commerson ex A.L. Jussieu, 1789",GENUS,Nyctaginaceae,Bougainvillea,91,HIGHERRANK
Bougainvillea spectabilis ,Willd.,Nyctagynaceae,Bougainvillea spectabilis Willd. var. typica Heimerl,Bougainvillier,Bougainvillea spectabilis Willd.,SPECIES,Nyctaginaceae,Bougainvillea spectabilis,100,EXACT
Bougainvillea spectabilis ,Willd. var. ‘Mary Palmer,Nyctagynaceae,,,Bougainvillea spectabilis Willd.,SPECIES,Nyctaginaceae,Bougainvillea spectabilis,100,EXACT
Bougainvillea spectabilis ,Willd. var. rubra plena,Nyctagynaceae,,,Bougainvillea spectabilis Willd.,SPECIES,Nyctaginaceae,Bougainvillea spectabilis,100,EXACT
Bougainvillea spectabilis ,Willd. var. variegata,Nyctagynaceae,,,Bougainvillea spectabilis Willd.,SPECIES,Nyctaginaceae,Bougainvillea spectabilis,100,EXACT
Bougainvillea spectabilis ,Willd. var.alba plena,Nyctagynaceae,,,Bougainvillea spectabilis Willd.,SPECIES,Nyctaginaceae,Bougainvillea spectabilis,100,EXACT
Bougainvillea x buttiana ,Holtt. var. Mrs. McLean,Nyctagynaceae,,,"Bougainvillea Commerson ex A.L. Jussieu, 1789",GENUS,Nyctaginaceae,Bougainvillea,91,EXACT
Brahea armata, Wats.,Arecaceae,Brahea clara (L.H.Bailey) Espejo & López-Ferr.; Brahea roezlii Lind; Erythea armata S. Watson ; Erythea elegans Franceschi ex Becc.,,Brahea armata S.Watson,SPECIES,Arecaceae,Brahea armata,100,EXACT
Brahea dulcis ,L.,Arecaceae,,,Brahea dulcis (Kunth) Mart.,SPECIES,Arecaceae,Brahea dulcis,100,EXACT
Breynia nivosa ,Small.,Euphorbiaceae,Phyllanthus nivosus W.G.Sm.,,Breynia nivosa (W.Bull) Small,SPECIES,Phyllanthaceae,Breynia nivosa,100,EXACT
Caesalpinia pulcherrima ,Sw.,Caesalpiniaceae,Poinciana pulcherrima L.  ,,Caesalpinia pulcherrima (L.) Sw.,SPECIES,Fabaceae,Caesalpinia pulcherrima,100,EXACT
Caladium bicolor ,Vent.,Araceae,,,Caladium bicolor (Aiton) Vent.,SPECIES,Araceae,Caladium bicolor,100,EXACT
Caladium hortulanum ,Birdsey 'Citation',Araceae,,Orgeuil de Chine; Petit flamboyant,Caladium hortulanum Bridsey,SPECIES,Araceae,Caladium hortulanum,100,EXACT
Caladium hortulanum ,Birdsey 'Debutante',Araceae,,caladium,Caladium hortulanum Bridsey,SPECIES,Araceae,Caladium hortulanum,100,EXACT
Caladium hortulanum ,Birdsey 'Gen. W.B. Halderman',Araceae,,Cœur de Jésus,Caladium hortulanum Bridsey,SPECIES,Araceae,Caladium hortulanum,100,EXACT
Caladium hortulanum ,Birdsey 'John Peed',Araceae,,,Caladium hortulanum Bridsey,SPECIES,Araceae,Caladium hortulanum,100,EXACT
Caladium hortulanum ,Birdsey 'Maid of Orleans',Araceae,,,Caladium hortulanum Bridsey,SPECIES,Araceae,Caladium hortulanum,100,EXACT
Calathea insignis,A.Brongn. ex Petersen,Marantaceae,,,Calathea insignis W.Bull,SPECIES,Marantaceae,Calathea insignis,100,EXACT
Calathea makoyana ,E.Morr. & Boom,Marantaceae,,Calathea,Calathea makoyana E.Morren,SPECIES,Marantaceae,Calathea makoyana,100,EXACT
Calathea micans .,K. Schum,Marantaceae,,,Calathea micans (L.Mathieu) Körn.,SPECIES,Marantaceae,Calathea micans,100,EXACT
Calathea ornata ,Koern.,Marantaceae,Maranta roseo-lineata Petersen.,,Calathea ornata (Linden) Körn.,SPECIES,Marantaceae,Calathea ornata,100,EXACT
Calathea ornata ,Koern. roseo-lineata Petersen,Marantaceae,,,Calathea ornata (Linden) Körn.,SPECIES,Marantaceae,Calathea ornata,100,EXACT
Calathea ornata ,Koern. roseo-picta,Marantaceae,Calathea sanderiana (Sander) Gentil,,Calathea ornata (Linden) Körn.,SPECIES,Marantaceae,Calathea ornata,100,EXACT
Calathea ornata ,Koern. sanderiana,Marantaceae,,,Calathea ornata (Linden) Körn.,SPECIES,Marantaceae,Calathea ornata,100,EXACT
Calathea setosa ,Körn.,Marantaceae,,,Calathea silvosa J.F.Macbr.,SPECIES,Marantaceae,Calathea silvosa,85,FUZZY
Calathea stromata ,Hort,Marantaceae,Maranta zebrina Sims  ,,Calathea striata H.A.Kenn.,SPECIES,Marantaceae,Calathea striata,94,FUZZY
Calathea zebrina ,(Sims.) Lindl.,Marantaceae,,,Calathea zebrina (Sims) Lindl.,SPECIES,Marantaceae,Calathea zebrina,100,EXACT
Callitris intratropica ,R.T. Baker & H.G. Sim.,Cuppressaceae,,Cyprès bleu,Callitris intratropica R.T. Baker & H.G. Smith,SPECIES,Cupressaceae,Callitris intratropica,100,EXACT
Calotropis procera ,(Aiton) W.T.Aiton ,Asclepiadaceae,,"Arbre à soie du Sénégal, pomme de Sodome",Calotropis procera (Aiton) W.T. Aiton,SPECIES,Apocynaceae,Calotropis procera,100,EXACT
Cananga odorata ,(Lam.) Hook. f. & Thoms.,Annonaceae,Uvaria odorata Lam.  ,Ylang-ylang,Cananga odorata (Lam.) Hook. f. & Thomson,SPECIES,Annonaceae,Cananga odorata,100,EXACT
Canna generalis ,L.H.Bailey ‘Brilliant’,Cannaceae,,canna,Canna ×generalis,SPECIES,Cannaceae,Canna generalis,100,EXACT
Canna generalis ,L.H.Bailey ‘Cleopatra’,Cannaceae,,,Canna ×generalis,SPECIES,Cannaceae,Canna generalis,100,EXACT
Canna generalis ,L.H.Bailey ‘Confetti’,Cannaceae,,,Canna ×generalis,SPECIES,Cannaceae,Canna generalis,100,EXACT
Canna generalis ,L.H.Bailey ‘Lucifer’,Cannaceae,,,Canna ×generalis,SPECIES,Cannaceae,Canna generalis,100,EXACT
Canna generalis, L.H.Bailey ‘President’,Cannaceae,,,Canna ×generalis,SPECIES,Cannaceae,Canna generalis,100,EXACT
Canna generalis ,L.H.Bailey ‘Richard Wallace’,Cannaceae,,,Canna ×generalis,SPECIES,Cannaceae,Canna generalis,100,EXACT
Canna generalis ,L.H.Bailey striatus,Cannaceae,,,Canna ×generalis,SPECIES,Cannaceae,Canna generalis,100,EXACT
Canna indica ,L.,Cannaceae,Canna compacta Hort. ex Bouche; Canna edulis Ker Gawl.,"Conflore, balisier, canne d'Inde",Canna indica L.,SPECIES,Cannaceae,Canna indica,100,EXACT
Caralluma praegracilis,Oberm.,Asclepiadaceae,C. caudata N.E.Br.; C.caudata N.E.Br. var. fusca C.A.Lückh.;C.longecornuta Croizat ex Gomes e Sousa;  Orbeopsis caudata (N.E.Br.) L.C.Leachsubsp. caudata; Orbea caudata (N.E.Br.) Bruyns subsp. caudata,,Caralluma praegracilis Oberm.,SPECIES,Apocynaceae,Caralluma praegracilis,100,EXACT
Carex elegantissima ,Willd.,Dracaenaceae,,,Carex L.,GENUS,Cyperaceae,Carex,96,HIGHERRANK
Carica papaya ,L.,Caricaceae,,papaye,Carica papaya L.,SPECIES,Caricaceae,Carica papaya,100,EXACT
Caryota mitis ,Lour.,Arecaceae,,"palmier céleri multipliant, palmier queue de poisson, dartrier",Caryota mitis Lour.,SPECIES,Arecaceae,Caryota mitis,100,EXACT
Cassia alata ,L.,Caesalpiniaceae,Senna alata (L.) Roxb.; Herpetica alata (L.) Raf.,,Cassia alata L.,SPECIES,Fabaceae,Cassia alata,100,EXACT
Cassia siamea ,Lam.,Caesalpiniaceae,Senna siamea (Lam.) Irwin & Barneby; Cassia florida Vahl.,"Casse du Siam, bois perdrix",Cassia siamea Lam.,SPECIES,Fabaceae,Cassia siamea,100,EXACT
Casuarina equisetifolia ,L.,Casuarinaceae,C. equisetifolia J.R.Forst. & G.Forst. ; C. litorea L. ex Fosberg & Sachet  ,"Filao à feuilles de prêle, Pin australien.",Casuarina equisetifolia L.,SPECIES,Casuarinaceae,Casuarina equisetifolia,100,EXACT
Catharanthus roseus ,(L.) G. Don,Apocynaceae,Ammocallis rosea (L.) Small; Lochnera rosea (L.) Rchb. ex K.Schum. ; Lochnerarosea (L.) Spach; Vinca guilelmi-waldemarii Klotzsch; Vinca rosea L.; Vinca speciosa Salisb.,Pervenche de Madagascar,Catharanthus roseus (L.) G. Don,SPECIES,Apocynaceae,Catharanthus roseus,100,EXACT
Celosia argentea ,L.,Amaranthaceae,,"Célosie argentée, Célosie plumeuse",Celosia argentea L.,SPECIES,Amaranthaceae,Celosia argentea,100,EXACT
Celosia argentea ,L. var. pyramidalis,Amaranthaceae,Celosia argentea var. cristata (L.) Schinz,Crête de coq,Celosia argentea L.,SPECIES,Amaranthaceae,Celosia argentea,100,EXACT
Celosia cristata ,L.,Amaranthaceae,,,Celosia cristata L.,SPECIES,Amaranthaceae,Celosia cristata,100,EXACT
Centratherum punctatum ,Cass.,Asteraceae,,,Centratherum punctatum Cass.,SPECIES,Asteraceae,Centratherum punctatum,100,EXACT
Cereus aethiops ,(L.) Mill.,Cactaceae,Piptanthocereus aethiops (Haw.) F.Ritter,,Cereus aethiops Haw.,SPECIES,Cactaceae,Cereus aethiops,100,EXACT
Cereus hexagonus ,(L.) Mill.,Cactaceae,,,Cereus hexagonus (L.) P. Mill.,SPECIES,Cactaceae,Cereus hexagonus,100,EXACT
Cereus hildmannianus ,L.,Cactaceae,,,Cereus hildmannianus K. Schum.,SPECIES,Cactaceae,Cereus hildmannianus,100,EXACT
Cereus peruvianus ,(L.) Mill.,Cactaceae,Cereus hildmannianus; Cereus alacriportanus; Piptanthocereus alacriportanus; Cereus xanthocarpus; Piptanthocereus xanthocarpus; Cereus milesimus; Piptanthocereus bageanus; Piptanthocereus neonesioticus; Cereus neonsioticus; Piptanthocereus uruguayensis; Cereus uruguayanus,,Cereus peruvianus auct. non (L.) P. Mill.,SPECIES,Cactaceae,Cereus peruvianus,100,EXACT
Cereus tortuosus ,Forbes,Cactaceae,,,Cereus tortuosus Forbes ex Otto & Dietr.,SPECIES,Cactaceae,Cereus tortuosus,100,EXACT
Cestrum diurnum ,L.,Solanaceae,,,Cestrum diurnum L.,SPECIES,Solanaceae,Cestrum diurnum,100,EXACT
Cestrum nocturnum ,L.,Solanaceae,,,Cestrum nocturnum L.,SPECIES,Solanaceae,Cestrum nocturnum,100,EXACT
Chamaedorea elegans ,Mart.,Arecaceae,,,Chamaedorea elegans Mart.,SPECIES,Arecaceae,Chamaedorea elegans,100,EXACT
Chamaerops humilis ,L.,Arecaceae,,,Chamaerops humilis L.,SPECIES,Arecaceae,Chamaerops humilis,100,EXACT
Chlorophytum bichetii ,Hort. ex Backer,Liliaceae,,,Chlorophytum bichetii Backer,SPECIES,Asparagaceae,Chlorophytum bichetii,100,EXACT
Chlorophytum comosum   ,(Thunb.) Jacques,Liliaceae,Chlorophytum sternbergianum (Schult. & Schult.f.) Steud. ; Phalangium comosum (Thunb.) Poir ; Anthericum comosum Thunb.,,Chlorophytum comosum (Thunb.) Jacques,SPECIES,Asparagaceae,Chlorophytum comosum,100,EXACT
Chlorophytum comosum ,(Thunb.) Jacques var. variegatum,Liliaceae,,,Chlorophytum comosum (Thunb.) Jacques,SPECIES,Asparagaceae,Chlorophytum comosum,100,EXACT
Chlorophytum comosum ,(Thunb.) Jacques var. variegatum,Liliaceae,,"Phalangium, Phalangère, Plante araignée",Chlorophytum comosum (Thunb.) Jacques,SPECIES,Asparagaceae,Chlorophytum comosum,100,EXACT
Chlorophytum laxum ,R. Br.,Liliaceae,,,Chlorophytum laxum R.Br.,SPECIES,Asparagaceae,Chlorophytum laxum,100,EXACT
Chrysalidocarpus lutescens ,Wendl.,Arecaceae,,,Chrysalidocarpus lutescens H.Wendl.,SPECIES,Arecaceae,Chrysalidocarpus lutescens,100,EXACT
Chrysanthemum frutescens ,L.,Asteraceae,Argyranthemum frutescens (L.) Sch.Bip.,,Chrysanthemum frutescens L.,SPECIES,Asteraceae,Chrysanthemum frutescens,100,EXACT
Chrysanthemum lutescens ,L.,Asteraceae,,,Chrysanthemum frutescens L.,SPECIES,Asteraceae,Chrysanthemum frutescens,88,FUZZY
Chrysanthemum morifolium ,Ramat.,Asteraceae,,,Chrysanthemum ×morifolium Ramat. (pro sp.),SPECIES,Asteraceae,Chrysanthemum morifolium,100,EXACT
Chrysopogon aciculatus ,(Retz.) Trin.,Poaceae,Andropogon aciculatum Retz.,,Chrysopogon aciculatus (Retz.) Trin.,SPECIES,Poaceae,Chrysopogon aciculatus,100,EXACT
Chrysothemis pulchella ,L. ,Gesneriaceae,,,Chrysothemis pulchella (Donn ex Sims) Decne.,SPECIES,Gesneriaceae,Chrysothemis pulchella,100,EXACT
Citrus aurantium ,L. ,Rutaceae,,,Citrus aurantium L. (pro. sp.),SPECIES,Rutaceae,Citrus aurantium,100,EXACT
Citrus limon ,(L.) Burm. f.,Rutaceae,,,Citrus limon (L.) Burm. f. (pro. sp.),SPECIES,Rutaceae,Citrus limon,100,EXACT
Citrus maxima ,Merr.,Rutaceae,Citrus grandis L.,,Citrus maxima (Burm. f.) Merr.,SPECIES,Rutaceae,Citrus maxima,100,EXACT
Citrus nobilis ,Lour.,Rutaceae,Citrus medica L. var. limon,,Citrus nobilis Lour.,SPECIES,Rutaceae,Citrus nobilis,100,EXACT
Citrus sinensis ,Osbeck,Rutaceae,Citrus aurantium L. var. sinensis,,Citrus sinensis (L.) Osbeck (pro. sp.),SPECIES,Rutaceae,Citrus sinensis,100,EXACT
Clerodendrum fragrans ,Hort. ex Vent.,Verbenaceae,Clerodendrum chinense (Osbeck) Mabb.,,Clerodendrum fragrans (Vent.) Willd.,SPECIES,Lamiaceae,Clerodendrum fragrans,100,EXACT
Clerodendrum inerme ,Wall.,Verbenaceae,,,Clerodendrum inerme (L.) Gaertn.,SPECIES,Lamiaceae,Clerodendrum inerme,100,EXACT
Clerodendrum speciosissimum ,C. Morren,Verbenaceae,Clerodendrum buchananii var. fallax (Lindl.) Moldenke; Clerodendrum fallaxLindl.;Clerodendrum greyi Baker,,Clerodendrum speciosissimum Van Geert ex C. Morren,SPECIES,Lamiaceae,Clerodendrum speciosissimum,100,EXACT
Clerodendrum thomsonae ,Balf.,Verbenaceae,,,Clerodendrum thomsonae Balf.,SPECIES,Lamiaceae,Clerodendrum thomsonae,99,EXACT
Clerodendrum x speciosum ,Gürke,Verbenaceae,Clerodendrum poggei Gürke,,Clerodendrum L.,GENUS,Lamiaceae,Clerodendrum,93,EXACT
Clitoria ternatea ,L. ,Fabaceae,,"Clitorie de Ternate, Liane de Ternate, Pois bleu, Pois savane, Pois papillon de Moorea",Clitoria ternatea L.,SPECIES,Fabaceae,Clitoria ternatea,100,EXACT
Coccoloba uvifera ,L. ,Polygonaceae,,"raisinnier bord-de-mer, raisin marine",Coccoloba uvifera (L.) L.,SPECIES,Polygonaceae,Coccoloba uvifera,100,EXACT
Coccothrinax elegans ,O. Muñiz  & Borhidi 'Bella',Arecaceae,,,Coccothrinax elegans O.Muñiz & Borhidi,SPECIES,Arecaceae,Coccothrinax elegans,100,EXACT
Coccothrinax fragrans ,Burret,Arecaceae,,,Coccothrinax fragrans Burret,SPECIES,Arecaceae,Coccothrinax fragrans,100,EXACT
Cocos nucifera,L. ,Arecaceae,,,Cocos nucifera L.,SPECIES,Arecaceae,Cocos nucifera,100,EXACT
Codiaeum frutescens var.'Wellpark-Beauty’,,Euphorbiaceae,,Croton,Codiaeum lutescens Kurz,SPECIES,Euphorbiaceae,Codiaeum lutescens,92,FUZZY
Codiaeum gloriosum superbum',,Euphorbiaceae,,,Codium globosum A.H.S.Lucas,SPECIES,Codiaceae,Codium globosum,87,FUZZY
Codiaeum variegatum ,(L.) A.Juss.,Euphorbiaceae,,,Codiaeum variegatum (L.) Rumph. ex A.Juss.,SPECIES,Euphorbiaceae,Codiaeum variegatum,100,EXACT
Codiaeum variegatum ,(L.) A.Juss. 'Clipper',Euphorbiaceae,,,Codiaeum variegatum (L.) Rumph. ex A.Juss.,SPECIES,Euphorbiaceae,Codiaeum variegatum,100,EXACT
Codiaeum variegatum ,(L.) A.Juss. var. ‘delaruye’,Euphorbiaceae,,,Codiaeum variegatum (L.) Rumph. ex A.Juss.,SPECIES,Euphorbiaceae,Codiaeum variegatum,100,EXACT
Codiaeum variegatum ,(L.) A.Juss.var.' america',Euphorbiaceae,,,Codiaeum variegatum (L.) Rumph. ex A.Juss.,SPECIES,Euphorbiaceae,Codiaeum variegatum,100,EXACT
Codiaeum variegatum ,(L.) A.Juss. var. aucubifolium,Euphorbiaceae,,,Codiaeum variegatum (L.) Rumph. ex A.Juss.,SPECIES,Euphorbiaceae,Codiaeum variegatum,100,EXACT
Codiaeum variegatum ,(L.) A.Juss.var. cornutum,Euphorbiaceae,,,Codiaeum variegatum (L.) Rumph. ex A.Juss.,SPECIES,Euphorbiaceae,Codiaeum variegatum,100,EXACT
Codiaeum variegatum ,(L.) A.Juss.var. 'elaine',Euphorbiaceae,,,Codiaeum variegatum (L.) Rumph. ex A.Juss.,SPECIES,Euphorbiaceae,Codiaeum variegatum,100,EXACT
Codiaeum variegatum ,(L.) A.Juss. var. exotica,Euphorbiaceae,,,Codiaeum variegatum (L.) Rumph. ex A.Juss.,SPECIES,Euphorbiaceae,Codiaeum variegatum,100,EXACT
Codiaeum variegatum ,(L.) A.Juss.var. imperialis,Euphorbiaceae,,,Codiaeum variegatum (L.) Rumph. ex A.Juss.,SPECIES,Euphorbiaceae,Codiaeum variegatum,100,EXACT
Codiaeum variegatum ,Vent.,Euphorbiaceae,,,Codiaeum variegatum (L.) Rumph. ex A.Juss.,SPECIES,Euphorbiaceae,Codiaeum variegatum,100,EXACT
Codiaeum variegatum, (L.) A.Juss. var. punctum aureum,Euphorbiaceae,,,Codiaeum variegatum (L.) Rumph. ex A.Juss.,SPECIES,Euphorbiaceae,Codiaeum variegatum,100,EXACT
Codiaeum variegatum ,(L.) A.Juss.var.craigii,Euphorbiaceae,,,Codiaeum variegatum (L.) Rumph. ex A.Juss.,SPECIES,Euphorbiaceae,Codiaeum variegatum,100,EXACT
Codiaeum variegatum ,(L.) A.Juss. var.'General Paget',Euphorbiaceae,,,Codiaeum variegatum (L.) Rumph. ex A.Juss.,SPECIES,Euphorbiaceae,Codiaeum variegatum,100,EXACT
Codiaeum variegatum ,(L.) A.Juss.var.Mortimer,Euphorbiaceae,,,Codiaeum variegatum (L.) Rumph. ex A.Juss.,SPECIES,Euphorbiaceae,Codiaeum variegatum,100,EXACT
Codiaeum variegatum ,(L.) A.Juss. var.rubrum,Euphorbiaceae,,,Codiaeum variegatum (L.) Rumph. ex A.Juss.,SPECIES,Euphorbiaceae,Codiaeum variegatum,100,EXACT
Codiaeum variegatum ,(L.) A.Juss. var. gloriosum,Euphorbiaceae,,,Codiaeum variegatum (L.) Rumph. ex A.Juss.,SPECIES,Euphorbiaceae,Codiaeum variegatum,100,EXACT
Coleus blumei ,Benth.,Lamiaceae,,Coléus,Coleus blumei Benth.,SPECIES,Lamiaceae,Coleus blumei,100,EXACT
Coleus blumei ,Benth. var. ‘brilliancy’,Lamiaceae,,,Coleus blumei Benth.,SPECIES,Lamiaceae,Coleus blumei,100,EXACT
Coleus blumei ,Benth. var. ‘klondyke’,Lamiaceae,,,Coleus blumei Benth.,SPECIES,Lamiaceae,Coleus blumei,100,EXACT
Coleus blumei ,Benth. var.'pride of automn',Lamiaceae,,,Coleus blumei Benth.,SPECIES,Lamiaceae,Coleus blumei,100,EXACT
Coleus blumei ,Benth.var. verschaffeltii Lem.,Lamiaceae,,,Coleus blumei Benth.,SPECIES,Lamiaceae,Coleus blumei,100,EXACT
Coleus rehneltianus ,A. Berger,Lamiaceae,,,Coleus rehneltianus A.Berger,SPECIES,Lamiaceae,Coleus rehneltianus,100,EXACT
Colocasia gigantea , L.,Araceae,,,Colocasia gigantea (Blume) Hook.f.,SPECIES,Araceae,Colocasia gigantea,100,EXACT
Cordia lutea ,Lam.,Boraginaceae,Gerascanthus luteus (Lam.) Borhidi,,Cordia lutea Lam.,SPECIES,Boraginaceae,Cordia lutea,100,EXACT
Cordia sebestana , L.,Boraginaceae,,Sébestier,Cordia sebestena L.,SPECIES,Boraginaceae,Cordia sebestena,95,FUZZY
Cordyline fruticosa ,(L.) A.Chev.,Liliaceae,,,Cordyline fruticosa (L.) A.Chev.,SPECIES,Asparagaceae,Cordyline fruticosa,100,EXACT
Cordyline terminalis , (L.) Kunth,Liliaceae,Dracaena terminalis Rich.,Cordyline / Dragonnier / Plante Ti,"Cordyline terminalis (Linn.) Kunth., 1820",SPECIES,Liliaceae,Cordyline terminalis,97,EXACT
Cordyline terminalis ,(L.) Kunth var. amabilis,Liliaceae,,,"Cordyline terminalis (Linn.) Kunth., 1820",SPECIES,Liliaceae,Cordyline terminalis,97,EXACT
Cordyline terminalis ,(L.) Kunth var. calypso queen,Liliaceae,,,"Cordyline terminalis (Linn.) Kunth., 1820",SPECIES,Liliaceae,Cordyline terminalis,97,EXACT
Cordyline terminalis ,(L.) Kunth var. firebrand,Liliaceae,,,"Cordyline terminalis (Linn.) Kunth., 1820",SPECIES,Liliaceae,Cordyline terminalis,97,EXACT
Cordyline terminalis, (L.) Kunth var. hawaii bonsai,Liliaceae,,,"Cordyline terminalis (Linn.) Kunth., 1820",SPECIES,Liliaceae,Cordyline terminalis,97,EXACT
Cordyline terminalis ,(L.) Kunth var. in habitat,Liliaceae,,,"Cordyline terminalis (Linn.) Kunth., 1820",SPECIES,Liliaceae,Cordyline terminalis,97,EXACT
Cordyline terminalis  ,(L.) Kunth var. liliput,Liliaceae,,,"Cordyline terminalis (Linn.) Kunth., 1820",SPECIES,Liliaceae,Cordyline terminalis,97,EXACT
Corypha umbraculifera , L.,Arecaceae,,,Corypha umbraculifera L.,SPECIES,Arecaceae,Corypha umbraculifera,100,EXACT
Costus afer ,Ker-Gawl.,Zingiberaceae,Costus insularis A.Chev. ; C. pterometra K. Schum.;C. anomocalyx K. Schum.; C. oblitterans K. Schum.,,Costus afer Ker Gawl.,SPECIES,Costaceae,Costus afer,100,EXACT
Costus malortieanus ,Hort,Zingiberaceae,,,Costus malortieanus H.Wendl.,SPECIES,Costaceae,Costus malortieanus,100,EXACT
Costus speciosus ,Sm.,Zingiberaceae,,,Costus speciosus (J.König) Sm.,SPECIES,Costaceae,Costus speciosus,100,EXACT
Costus spiralis ,Roscoe,Zingiberaceae,,,Costus spiralis (Jacq.) Roscoe,SPECIES,Costaceae,Costus spiralis,100,EXACT
Crescentia cujete , L.,Bignoniaceae,,Calebassier,Crescentia cujete L.,SPECIES,Bignoniaceae,Crescentia cujete,100,EXACT
Crinum asiaticum , L.,Amaryllidaceae,,"Crinole, Lis rouge",Crinum asiaticum L.,SPECIES,Amaryllidaceae,Crinum asiaticum,100,EXACT
Crinum procerum ,Carey ex Herb. var. splendens Hannibal,Amaryllidaceae,,,Crinum procerum Herb. & Carey,SPECIES,Amaryllidaceae,Crinum procerum,100,EXACT
Crossandra infundibuliformis ,(L.) Nees.,Acanthaceae,,,Crossandra infundibuliformis (L.) Nees,SPECIES,Acanthaceae,Crossandra infundibuliformis,100,EXACT
Crossandra nilotica ,Oliv.,Acanthaceae,,,Crossandra nilotica Oliv.,SPECIES,Acanthaceae,Crossandra nilotica,100,EXACT
Croton zambesicus ,Müll. Arg.,Euphorbiaceae,Croton amabilis Müll. Arg.,,Croton zambesicus Müll.Arg.,SPECIES,Euphorbiaceae,Croton zambesicus,100,EXACT
Crypthanthus fosterianus ,Smith. L.B.,Bromeliaceae,,,Cryptanthus fosterianus L.B.Sm.,SPECIES,Bromeliaceae,Cryptanthus fosterianus,92,FUZZY
Cryptocereus anthocyanus,Alexander,Cactaceae,,,Cryptocereus anthonyanus Alexander,SPECIES,Cactaceae,Cryptocereus anthonyanus,95,FUZZY
Cryptosegia madagascariensis ,Boj.,Asclepiadaceae,,,Cryptostegia madagascariensis Bojer ex Decne.,SPECIES,Apocynaceae,Cryptostegia madagascariensis,94,FUZZY
Cryptostegia grandiflora ,Br. R. ex Lindl.,Asclepiadaceae,Nerium grandiflorum Roxb.  ,,Cryptostegia grandiflora R. Br.,SPECIES,Apocynaceae,Cryptostegia grandiflora,100,EXACT
Ctenanthe setosa ,D.Parodi Eichl.,Marantaceae,,,Ctenanthe setosa (Roscoe) Eichler,SPECIES,Marantaceae,Ctenanthe setosa,100,EXACT
Cupressus sempervirens ,L.,Cuppressaceae,Cupressus fastigiata DC.; Cupressus pyramidalis Tarq.-Torr.,,Cupressus sempervirens L.,SPECIES,Cupressaceae,Cupressus sempervirens,100,EXACT
Cycas circinalis ,L.,Cycadaceae,,,Cycas circinalis L.,SPECIES,Cycadaceae,Cycas circinalis,100,EXACT
Cycas revoluta ,Thunb.,Cycadaceae,,,Cycas revoluta Thunb.,SPECIES,Cycadaceae,Cycas revoluta,100,EXACT
Cymbopogon citratus ,(DC.) Stapf,Poaceae,Andropogon citratus Hort. ex DC.,,Cymbopogon citratus (DC.) Stapf,SPECIES,Poaceae,Cymbopogon citratus,100,EXACT
Cynodon dactylon ,Pers.,Poaceae,,,Cynodon dactylon (L.) Pers.,SPECIES,Poaceae,Cynodon dactylon,100,EXACT
Cynometra megalophylla ,Harms,Fabaceae,,,Cynometra megalophylla Harms,SPECIES,Fabaceae,Cynometra megalophylla,100,EXACT
Cyperus alternifolius ,L.,Cyperaceae,C. flabelliformis Rottb.; C. involucrata Rottb.,,Cyperus alternifolius L.,SPECIES,Cyperaceae,Cyperus alternifolius,100,EXACT
Cyperus papyrus ,L.,Cyperaceae,,,Cyperus papyrus L.,SPECIES,Cyperaceae,Cyperus papyrus,100,EXACT
Dahlia pinnata ,Guillaum. var.'Apex',Asteraceae,,,Dahlia pinnata Cav.,SPECIES,Asteraceae,Dahlia pinnata,100,EXACT
Dahlia pinnata ,Guillaum. var.'Hit parade',Asteraceae,,,Dahlia pinnata Cav.,SPECIES,Asteraceae,Dahlia pinnata,100,EXACT
Dahlia pinnata ,Guillaum. var.'Jugendliebe',Asteraceae,,,Dahlia pinnata Cav.,SPECIES,Asteraceae,Dahlia pinnata,100,EXACT
Dahlia pinnata ,Guillaum. var.'Pompon',Asteraceae,,,Dahlia pinnata Cav.,SPECIES,Asteraceae,Dahlia pinnata,100,EXACT
Dahlia pinnata ,Guillaum. var.'Siegerland',Asteraceae,,,Dahlia pinnata Cav.,SPECIES,Asteraceae,Dahlia pinnata,100,EXACT
Dasylirion glaucophyllum ,Hook.,Dracaenaceae,,,Dasylirion glaucophyllum Hook.,SPECIES,Asparagaceae,Dasylirion glaucophyllum,100,EXACT
Datura longifolia ,Safford,Solanaceae,D. cornigera Hook.; Brugmansia longifolia Lagerh.; B. arborea Steud. ,,Datura longifolia Safford,SPECIES,Solanaceae,Datura longifolia,100,EXACT
Davallia bullata ,Wall. ex Hook.,Davalliaceae,,,Davallia bullata Wall.,SPECIES,Davalliaceae,Davallia bullata,100,EXACT
Davallia mariesii ,Moore.,Davalliaceae,,,Davallia mariesii H.J.Veitch,SPECIES,Davalliaceae,Davallia mariesii,100,EXACT
Delonix regia ,(Bojer) Raf.,Fabaceae,Poinciana regia Bojer,,Delonix regia (Hook.) Raf.,SPECIES,Fabaceae,Delonix regia,100,EXACT
Dialium guineense ,Willd.,Fabaceae,,,Dialium guineense Willd.,SPECIES,Fabaceae,Dialium guineense,100,EXACT
Dieffenbachia amoena ,Hort. ex Gentil,Araceae,,,Dieffenbachia amoena Hort. ex Gentil,SPECIES,Araceae,Dieffenbachia amoena,100,EXACT
Dieffenbachia amoena ,Hort. var Colombia Costa Rica,Araceae,,,Dieffenbachia amoena Hort. ex Gentil,SPECIES,Araceae,Dieffenbachia amoena,100,EXACT
Dieffenbachia amoena ,Hort. var. exotica alba,Araceae,,,Dieffenbachia amoena Hort. ex Gentil,SPECIES,Araceae,Dieffenbachia amoena,100,EXACT
Dieffenbachia amoena ,Hort. var. exotica perfection,Araceae,,,Dieffenbachia amoena Hort. ex Gentil,SPECIES,Araceae,Dieffenbachia amoena,100,EXACT
Dieffenbachia amoena ,Hort. var. Sao Antonia,Araceae,,,Dieffenbachia amoena Hort. ex Gentil,SPECIES,Araceae,Dieffenbachia amoena,100,EXACT
Dieffenbachia amoena ,Hort. var. Wilson's Delight,Araceae,,,Dieffenbachia amoena Hort. ex Gentil,SPECIES,Araceae,Dieffenbachia amoena,100,EXACT
Dieffenbachia maculata ,Schott. var. Rudolf Roehrs,Araceae,,,Dieffenbachia maculata (Lodd.) Sweet,SPECIES,Araceae,Dieffenbachia maculata,100,EXACT
Dieffenbachia picta ,Schott.,Araceae,,,Dieffenbachia picta Schott,SPECIES,Araceae,Dieffenbachia picta,100,EXACT
Dizygotheca elegantissima ,(Veitch ex Mast.) R. Vig. & Guillaumin,Araliaceae,Schefflera elegantissima (Veitch ex Masters) Lowry  &  Frodin; Aralia elegantissima Veitch,,Dizygotheca elegantissima (Veitch ex Mast.) R.Vig. & Guillaumin,SPECIES,Araliaceae,Dizygotheca elegantissima,100,EXACT
Dizygotheca reginae   ,(Linden ex W. Richards) Hemsl.,Araliaceae,,,Dizygotheca reginae (Linden ex W.Richards) Hemsl.,SPECIES,Araliaceae,Dizygotheca reginae,100,EXACT
Dracaena arborea ,(Willd.) Link,Dracaenaceae,Aletris arborea Willd. fide Fl. W. Trop. Africa; D. arborea (Willd.) Link var. baumanniiEngl.;D. knerkiana K.Koch  ,,Dracaena arborea (Willd.) Link,SPECIES,Asparagaceae,Dracaena arborea,100,EXACT
Dracaena deremensis ,Engl.,Dracaenaceae,,,Dracaena deremensis Engl.,SPECIES,Asparagaceae,Dracaena deremensis,100,EXACT
Draceana fragans massangeana ,Ker-gawl.,Dracaenaceae,,,Dracaena fragrans (L.) Ker Gawl.,SPECIES,Asparagaceae,Dracaena fragrans,92,FUZZY
Dracaena godseffiana ,Sander ex Mast.,Dracaenaceae,Dracaena surculosa Lindl. var. surculosa,,Dracaena godseffiana Sander ex Mast.,SPECIES,Asparagaceae,Dracaena godseffiana,100,EXACT
Dracaena godseffiana ,Sander ex Mast. var. friedmanii,Dracaenaceae,,,Dracaena godseffiana Sander ex Mast.,SPECIES,Asparagaceae,Dracaena godseffiana,100,EXACT
Draceana marginata ,Ait.,Dracaenaceae,,,Dracaena marginata Lam.,SPECIES,Asparagaceae,Dracaena marginata,93,FUZZY
Dracaena sanderiana ,Sander ex Mast.,Dracaenaceae,Dracaena braunii Engl.,,Dracaena sanderiana Sander,SPECIES,Asparagaceae,Dracaena sanderiana,100,EXACT
Duranta repens ,L.,Verbenaceae,Duranta erecta L.,,Duranta repens L.,SPECIES,Verbenaceae,Duranta repens,100,EXACT
Dyckia fosteriana, L.B.Sm.,Bromeliaceae,,,Dyckia fosteriana L.B.Sm.,SPECIES,Bromeliaceae,Dyckia fosteriana,100,EXACT
Echeveria chihuahuaensis ,Poelln.,Crassulaceae,,,Echeveria chihuahuaensis Poelln.,SPECIES,Crassulaceae,Echeveria chihuahuaensis,100,EXACT
Echeveria elegans ,(Rose) A. Berger,Crassulaceae,Oliverella elegans Rose,,Echeveria elegans A.Berger,SPECIES,Crassulaceae,Echeveria elegans,100,EXACT
Echinocactus grusonii ,Hildm.,Cactaceae,,,Echinocactus grusonii Hildm,SPECIES,Cactaceae,Echinocactus grusonii,100,EXACT
Echinocactus martini ,Cels  ex K.Schum.,Cactaceae,,,Echinocactus martini Cels ex K.Schum.,SPECIES,Cactaceae,Echinocactus martini,99,EXACT
Echinocereus pectinatus ,Engelm.,Cactaceae,Cereus caespitosus Engelm.  & A.Gray,,Echinocereus pectinatus (Scheidw.) Engelm.,SPECIES,Cactaceae,Echinocereus pectinatus,100,EXACT
Echinocereus triglochidiatus ,Eng.,Cactaceae,Cereus triglochidiatus Engelm.,,Echinocereus triglochidiatus Engelm.,SPECIES,Cactaceae,Echinocereus triglochidiatus,100,EXACT
Eichhornia crassipes ,(Mart.) Solms,Pontederiaceae,,,Eichhornia crassipes (Mart.) Solms,SPECIES,Pontederiaceae,Eichhornia crassipes,100,EXACT
Elaeis guineensis ,Jacq.,Arecaceae,Elaeis nigrescens A. Chev.; E. virescens A. Chev.,palmier à huile,Elaeis guineensis Jacq.,SPECIES,Arecaceae,Elaeis guineensis,100,EXACT
Encephalartos ferox ,G. Bertol.,Zamiaceae,,,Encephalartos ferox Bertol. f.,SPECIES,Zamiaceae,Encephalartos ferox,100,EXACT
Encephalartos gratus ,Prain.,Zamiaceae,,,Encephalartos gratus Prain,SPECIES,Zamiaceae,Encephalartos gratus,100,EXACT
Episcia cupreata ,(Hook.) Hanst.,Gesneriaceae,,,Episcia cupreata (Hook.) Hanst.,SPECIES,Gesneriaceae,Episcia cupreata,100,EXACT
Episcia cupreata ,(Hook.) Hanst. var.‘frosty’,Gesneriaceae,,,Episcia cupreata (Hook.) Hanst.,SPECIES,Gesneriaceae,Episcia cupreata,100,EXACT
Episcia cupreata ,(Hook.) Hanst. var.’acajou’,Gesneriaceae,,,Episcia cupreata (Hook.) Hanst.,SPECIES,Gesneriaceae,Episcia cupreata,100,EXACT
Episcia cupreata ,(Hook.) Hanst. var.metallica,Gesneriaceae,,,Episcia cupreata (Hook.) Hanst.,SPECIES,Gesneriaceae,Episcia cupreata,100,EXACT
Episcia cupreata ,(Hook.) Hanst.var.'Schimmer',Gesneriaceae,,,Episcia cupreata (Hook.) Hanst.,SPECIES,Gesneriaceae,Episcia cupreata,100,EXACT
Episcia cupreata ,(Hook.)Hanst. var. musaica,Gesneriaceae,,,Episcia cupreata (Hook.) Hanst.,SPECIES,Gesneriaceae,Episcia cupreata,100,EXACT
Eranthemum nervosum ,(Vahl) R. Br.,Acanthaceae,,,Eranthemum nervosum (Vahl) R. Br. ex Roem. & Schult.,SPECIES,Acanthaceae,Eranthemum nervosum,100,EXACT
Erythrina indica ,Lamk.picta L.,Fabaceae,,,Erythrina indica sensu R.Vig.,SPECIES,Fabaceae,Erythrina indica,100,EXACT
Eucalyptus citriodora ,Hook.,Myrtaceae,,,Eucalyptus citriodora Hook.,SPECIES,Myrtaceae,Eucalyptus citriodora,100,EXACT
Eucalyptus deglupta ,Blume,Myrtaceae,,,Eucalyptus deglupta Bl.,SPECIES,Myrtaceae,Eucalyptus deglupta,100,EXACT
Eucalyptus torrelliana ,F. Muell.,Myrtaceae,,,Eucalyptus torelliana F.Muell.,SPECIES,Myrtaceae,Eucalyptus torelliana,92,FUZZY
Eucharis grandiflora ,Planch. & Linden,Amaryllidaceae,Urceolinagrandiflora (Planch. &Linden ) Traub,,Eucharis grandiflora Planch. & Linden,SPECIES,Amaryllidaceae,Eucharis grandiflora,100,EXACT
Euphorbia candelabrum ,Tremaut ex Kotschy,Euphorbiaceae,,,Euphorbia candelabrum Tremaux ex Kotschy,SPECIES,Euphorbiaceae,Euphorbia candelabrum,100,EXACT
Euphorbia heterophylla ,L,Euphorbiaceae,,,Euphorbia heterophylla L.,SPECIES,Euphorbiaceae,Euphorbia heterophylla,100,EXACT
Euphorbia lactea ,Haw.,Euphorbiaceae,,,Euphorbia lactea Haw.,SPECIES,Euphorbiaceae,Euphorbia lactea,100,EXACT
Euphorbia millii ,Des Moul. var. breonii,Euphorbiaceae,,,Euphorbia milii Des Moul.,SPECIES,Euphorbiaceae,Euphorbia milii,90,FUZZY
Euphorbia oncoclada ,Drake.,Euphorbiaceae,Euphorbia alluaudii subsp oncoclada (Drake) Friedmann & Cremers,,Euphorbia oncoclada Drake,SPECIES,Euphorbiaceae,Euphorbia oncoclada,100,EXACT
Euphorbia pulcherrima ,Willd. ex Klotzsch,Euphorbiaceae,,,Euphorbia pulcherrima Willd. ex Klotzsch,SPECIES,Euphorbiaceae,Euphorbia pulcherrima,100,EXACT
Euphorbia tirucalli ,L,Euphorbiaceae,Tirucallia tirucalli (L.) P.V. Heath; E. rhypsaloides (Welw.) A. Chev.;E. media N.E.Br,,Euphorbia tirucalli L.,SPECIES,Euphorbiaceae,Euphorbia tirucalli,100,EXACT
Euphorbia x keysii ,Hort.,Euphorbiaceae,,,Euphorbia L.,GENUS,Euphorbiaceae,Euphorbia,92,EXACT
Euryale ferox ,Salisb.,Nymphaeaceae,,,Euryale ferox Salisb.,SPECIES,Nymphaeaceae,Euryale ferox,100,EXACT
Felicia fruticosa, Nichols.,Asteraceae,Aster fruticosus L.,,Felicia fruticosa (L.) G. Nicholson,SPECIES,Asteraceae,Felicia fruticosa,100,EXACT
Ferocactus fordii, Britton & Rose ,Cactaceae,Echinocactus fordii Orcutt,,Ferocactus fordii Britton & Rose,SPECIES,Cactaceae,Ferocactus fordii,100,EXACT
Ferocactus herresae ,J.G.Ortega,Cactaceae,Ferocactus wislizeni Britton  &  Rose  var. herrerae (J.G.Ortega ) N.P.Taylo,,Ferocactus herrerae J.G.Ortega,SPECIES,Cactaceae,Ferocactus herrerae,95,FUZZY
Ferocactus latispinus ,Br. & R.,Cactaceae,Cactus latispinus Haw.,,Ferocactus latispinus Britton & Rose,SPECIES,Cactaceae,Ferocactus latispinus,100,EXACT
Ferocactus rectispinus ,(Engelm.) L. D. Benson,Cactaceae,Echinocactus rectispinus (Engelm. ex J.M.Coult.) Britton  &  Rose,,Ferocactus rectispinus Britton & Rose,SPECIES,Cactaceae,Ferocactus rectispinus,100,EXACT
Ficus benghalensis ,L,Moraceae,,Ficus bagnan,Ficus benghalensis L.,SPECIES,Moraceae,Ficus benghalensis,100,EXACT
Ficus benjamina ,L,Moraceae,,Ficus vert,Ficus benjamina L.,SPECIES,Moraceae,Ficus benjamina,99,EXACT
Ficus benjamina ,L. variegata',Moraceae,,,Ficus benjamina L.,SPECIES,Moraceae,Ficus benjamina,99,EXACT
Ficus benjamina ,L. 'Starlight',Moraceae,,,Ficus benjamina L.,SPECIES,Moraceae,Ficus benjamina,99,EXACT
Ficus elastica .,Roxb,Moraceae,,caoutchouc,Ficus elastica Roxb. ex Hornem.,SPECIES,Moraceae,Ficus elastica,100,EXACT
Ficus elastica ,Roxb. 'Doescheri',Moraceae,,,Ficus elastica Roxb. ex Hornem.,SPECIES,Moraceae,Ficus elastica,100,EXACT
Ficus elastica ,Roxb.'Decora',Moraceae,,,Ficus elastica Roxb. ex Hornem.,SPECIES,Moraceae,Ficus elastica,100,EXACT
Ficus elastica ,Roxb.'Schryveriana',Moraceae,,,Ficus elastica Roxb. ex Hornem.,SPECIES,Moraceae,Ficus elastica,100,EXACT
Ficus lyrata ,Warb.,Moraceae,F. repens;  F. stipulata,,Ficus lyrata Warb.,SPECIES,Moraceae,Ficus lyrata,100,EXACT
Ficus microcarpa ,Hort.Berol. ex Walp. ,Moraceae,,,Ficus microcarpa L. f.,SPECIES,Moraceae,Ficus microcarpa,100,EXACT
Ficus pumila ,L.,Moraceae,,,Ficus pumila L.,SPECIES,Moraceae,Ficus pumila,100,EXACT
Ficus pumila ,L. cv. minima,Moraceae,,,Ficus pumila L.,SPECIES,Moraceae,Ficus pumila,100,EXACT
Ficus retusa ,L.,Moraceae,Ficus microcarpa L.f.,,Ficus retusa auct.,SPECIES,Moraceae,Ficus retusa,100,EXACT
Ficus triangularis ,Warb.,Moraceae,Ficus natalensis subsp. leprieurii (Miq.) C.C.Berg,,Ficus triangularis Warb.,SPECIES,Moraceae,Ficus triangularis,100,EXACT
Fittonia verschaffeltii ,E. Coem.,Acanthaceae,,,Fittonia verschaffeltii (Lemaire) Van Houtte,SPECIES,Acanthaceae,Fittonia verschaffeltii,100,EXACT
Fuchsia speciosa ,Bailey,Onagraceae,,,Fuchsia spinosa C.Presl,SPECIES,Onagraceae,Fuchsia spinosa,92,FUZZY
Furcraea gigantea ,Vent.,Agavaveae,,,Furcraea gigantea Vent.,SPECIES,Asparagaceae,Furcraea gigantea,100,EXACT
Fuchsia triphylla ,L.,Onagraceae,,,Fuchsia triphylla L.,SPECIES,Onagraceae,Fuchsia triphylla,100,EXACT
Galphimia glauca, Cav.,Malpighiaceae,Thryallis glauca (Cav.) Kuntze,,Galphimia glauca Cav.,SPECIES,Malpighiaceae,Galphimia glauca,100,EXACT
Gardenia jasminoides fortuniana ,Ellis,Rubiaceae,,,Gardenia jasminoides J.Ellis,SPECIES,Rubiaceae,Gardenia jasminoides,100,EXACT
Gerbera jamesonii ,Bolus ex Adlam var. 'African daisies',Asteraceae,,,Gerbera jamesonii Bolus ex Hook. f.,SPECIES,Asteraceae,Gerbera jamesonii,100,EXACT
Gerbera jamesonii ,Bolus ex Adlam var. rosea',Asteraceae,,,Gerbera jamesonii Bolus ex Hook. f.,SPECIES,Asteraceae,Gerbera jamesonii,100,EXACT
Gerbera jamesonii ,Bolus ex Adlam var.'Transvaal daisy,Asteraceae,,,Gerbera jamesonii Bolus ex Hook. f.,SPECIES,Asteraceae,Gerbera jamesonii,100,EXACT
Gomphrena globosa ,L.,Amaranthaceae,,,Gomphrena globosa L.,SPECIES,Amaranthaceae,Gomphrena globosa,100,EXACT
Graptophyllum pictum ,Nees,Acanthaceae,Graptophyllum hortense Nees,,Graptophyllum pictum (L.) Griff.,SPECIES,Acanthaceae,Graptophyllum pictum,100,EXACT
Guaiacum officinale,L.,Zygophyllaceae,,,Guaiacum officinale L.,SPECIES,Zygophyllaceae,Guaiacum officinale,100,EXACT
Gymnocalycium saglione ,(Cels) Br. & R.,Cactaceae,Echinocactus saglionis F.Cels,,Gymnocalycium saglione Britton & Rose,SPECIES,Cactaceae,Gymnocalycium saglione,100,EXACT
Hedychium coronarium ,J.Koenig,Zingiberaceae,,,Hedychium coronarium J.König,SPECIES,Zingiberaceae,Hedychium coronarium,100,EXACT
Helianthus annuus,L.,Asteraceae,,,Helianthus annuus L.,SPECIES,Asteraceae,Helianthus annuus,100,EXACT
Heliconia humidis ,Jacq. ,Heliconiaceae,Bihai marginata Griggs,,Heliconia humilis (Aubl.) Jacq.,SPECIES,Heliconiaceae,Heliconia humilis,92,FUZZY
Heliconia psittacorum ,L. f.,Heliconiaceae,,,Heliconia psittacorum L.f.,SPECIES,Heliconiaceae,Heliconia psittacorum,100,EXACT
Heliconia vellerigena ,Poepp.,Heliconiaceae,Bihai vellerigera Kuntze,,Heliconia vellerigera Poepp.,SPECIES,Heliconiaceae,Heliconia vellerigera,95,FUZZY
Helxine soleirolii ,Req.,Urticaceae,Soleirolia soleirolii (Req.) Dandy,,Helxine soleirolii Req.,SPECIES,Urticaceae,Helxine soleirolii,100,EXACT
Hemigraphis colorata ,Nees,Acanthaceae,,,Hemigraphis colorata Hallier f.,SPECIES,Acanthaceae,Hemigraphis colorata,100,EXACT
Hibiscus arnottianus ,A. Gray,Malvaceae,,,Hibiscus arnottianus A. Gray,SPECIES,Malvaceae,Hibiscus arnottianus,100,EXACT
Hibiscus rosa-sinensis ,L.,Malvaceae,,,Hibiscus rosa-sinensis L.,SPECIES,Malvaceae,Hibiscus rosa-sinensis,100,EXACT
Hibiscus rosa-sinensis ,L. var.  Plenus,Malvaceae,,,Hibiscus rosa-sinensis L.,SPECIES,Malvaceae,Hibiscus rosa-sinensis,100,EXACT
Hibiscus rosa-sinensis, L.var. albus,Malvaceae,,,Hibiscus rosa-sinensis L.,SPECIES,Malvaceae,Hibiscus rosa-sinensis,100,EXACT
Hibiscus rosa-sinensis ,L. var. california gold,Malvaceae,,,Hibiscus rosa-sinensis L.,SPECIES,Malvaceae,Hibiscus rosa-sinensis,100,EXACT
Hibiscus rosa-sinensis ,L.var. cooperi,Malvaceae,,,Hibiscus rosa-sinensis L.,SPECIES,Malvaceae,Hibiscus rosa-sinensis,100,EXACT
Hibiscus rosa-sinensis ,L. var. crown of Bohemia,Malvaceae,,,Hibiscus rosa-sinensis L.,SPECIES,Malvaceae,Hibiscus rosa-sinensis,100,EXACT
Hibiscus rosa-sinensis, L. var. mist,Malvaceae,,,Hibiscus rosa-sinensis L.,SPECIES,Malvaceae,Hibiscus rosa-sinensis,100,EXACT
Hibiscus rosa-sinensis ,L. var. natal,Malvaceae,,,Hibiscus rosa-sinensis L.,SPECIES,Malvaceae,Hibiscus rosa-sinensis,100,EXACT
Hibiscus rosa-sinensis ,L. var. scarlet',Malvaceae,,,Hibiscus rosa-sinensis L.,SPECIES,Malvaceae,Hibiscus rosa-sinensis,100,EXACT
Hibiscus schizopetalus ,(Mast.) Hook. f.,Malvaceae,Hibiscus rosa-sinensis L. var. schizopetalus Mast.  ,,Hibiscus schizopetalus (Dyer) Hook. f.,SPECIES,Malvaceae,Hibiscus schizopetalus,100,EXACT
Hippeastrum leopoldii ,Hort.,Amaryllidaceae,,,Hippeastrum leopoldii T.Moore,SPECIES,Amaryllidaceae,Hippeastrum leopoldii,99,EXACT
Hippeastrum puniceum ,(Lam.) Kuntze,Amaryllidaceae,Amaryllis punicea Lam.,,Hippeastrum puniceum (Lam.) Voss,SPECIES,Amaryllidaceae,Hippeastrum puniceum,100,EXACT
Hippeastrum reticulatum var. striatifolium ,(Herb.) Herb.,Amaryllidaceae,,,Hippeastrum reticulatum (L'Hér.) Herb.,SPECIES,Amaryllidaceae,Hippeastrum reticulatum,100,EXACT
Homalomena wallisii ,Regel.,Araceae,,,Homalomena wallisii Regel,SPECIES,Araceae,Homalomena wallisii,99,EXACT
Howeia forsteriana ,Becc.,Arecaceae,Kentia forsteriana F.Muell. ex H.Wendl.,,Howea forsteriana (F.Muell.) Becc.,SPECIES,Cerambycidae,Howea forsteriana,94,FUZZY
Huernia reticulata ,(Masson) ,Asclepiadaceae,Stapelia reticulata Masson,,Huernia reticulata Haw.,SPECIES,Asclepiadaceae,Huernia reticulata,100,EXACT
Hura crepitans ,L.,Euphorbiaceae,,,Hura crepitans L.,SPECIES,Euphorbiaceae,Hura crepitans,100,EXACT
Hymenocallis speciosa ,Salisb.,Amaryllidaceae,,,Hymenocallis speciosa (L.f. ex Salisb.) Salisb.,SPECIES,Amaryllidaceae,Hymenocallis speciosa,100,EXACT
Impatiens balsamina,L.,Asteraceae,I. eriocarpa Launert ; I. giorgii De Wild.; I. stapfiana Gilg I. tamsiana Exell ,,Impatiens balsamina L.,SPECIES,Balsaminaceae,Impatiens balsamina,100,EXACT
Impatiens marianae ,Rchb.f. ex Hook.f.,Asteraceae,,,Impatiens marianae Rchb.f. ex Hook.f.,SPECIES,Balsaminaceae,Impatiens marianae,100,EXACT
Ipomoea cairica ,L.,Convolvulaceae,,,Ipomoea cairica (L.) Sweet,SPECIES,Convolvulaceae,Ipomoea cairica,100,EXACT
Iresine herbstii ,Hook.,,,,Iresine herbstii Hook.,SPECIES,Amaranthaceae,Iresine herbstii,100,EXACT
Ixora chinensis, Lamk.,Rubiaceae,,,Ixora chinensis Lam.,SPECIES,Rubiaceae,Ixora chinensis,100,EXACT
Ixora coccinea ,L.,Rubiaceae,,,Ixora coccinea L.,SPECIES,Rubiaceae,Ixora coccinea,100,EXACT
Ixora finlaysoniana ,Wall. & G.Don,Rubiaceae,,,Ixora finlaysoniana Wall. ex G.Don,SPECIES,Rubiaceae,Ixora finlaysoniana,100,EXACT
Ixora finlaysoniana ,Wall. & G.Don cv. rosea,Rubiaceae,,,Ixora finlaysoniana Wall. ex G.Don,SPECIES,Rubiaceae,Ixora finlaysoniana,100,EXACT
